预计离泊时间,航线,船名,航次,收货地,装货港,卸货港,交货地,订舱人代码,订舱人全称,一级代理,SCNO,STUFFLOC,箱属,箱态,20',40',20'H,40'H,45',TEU,20RF,40RF,40RH,20OT,40OT,20FR,40FR,20GP,40GP,40HC,20TK,40TK,20HS,40HS,20HT,40HT,20HC,20RH,40HR,20PL,40PL,45GP,45HC
2017/1/1 10:00:00,CPS,SNLTAEE,1626S,CNNGB,CNNGB,PHMNL,PHMNL,JET55004092,浙江简达,JET55004092,R15PHNGB03541,,SNL,F,3,3,0,8,0,25,,,,,,,,3,3,8,,,,,,,,,,,,,
2017/1/1 10:00:00,CPS,SNLTAEE,1626S,CNNGB,CNNGB,PHMNS,PHMNS,JET55004092,浙江简达,JET55004092,R15PHNGB03541,,SNL,F,6,0,0,12,0,30,,,,,,,,6,,12,,,,,,,,,,,,,
2017/1/1 10:00:00,CPS,SNLTAEE,1626S,CNNGB,CNNGB,PHMNL,PHMNL,NBWLB1,宁波集运物流部,NBWLB1,,,SNL,F,0,0,0,1,0,2,,,,,,,,,,1,,,,,,,,,,,,,
2017/1/1 10:00:00,CPS,SNLTAEE,1626S,CNNGB,CNNGB,PHMNS,PHMNS,QYGYL123,七运供应链,NBWLB1,R16PHNGB13751,,SNL,F,2,0,0,17,0,36,,,,,,,,2,,17,,,,,,,,,,,,,
2017/1/1 10:00:00,CPS,SNLTAEE,1626S,CNNGB,CNNGB,PHMNL,PHMNL,QYGYL123,七运供应链,NBWLB1,R16PHNGB13751,,SNL,F,1,0,0,31,0,63,,,,,,,,1,,31,,,,,,,,,,,,,
2017/1/1 10:00:00,CPS,SNLTAEE,1626S,CNNGB,CNNGB,PHMNL,PHMNL,QYGYL123,七运供应链,NBWLB1,R16PHNGB13943,,SNL,F,0,0,0,10,0,20,,,10,,,,,,,,,,,,,,,,,,,,
2017/1/1 10:00:00,CPS,SNLTAEE,1626S,CNNGB,CNNGB,PHMNL,PHMNL,WYFH123,宁波外运泛海,WYFH123,R15PHNGB03561,,SNL,F,1,0,0,20,0,41,,,,,,,,1,,20,,,,,,,,,,,,,
2017/1/1 10:00:00,CPS,SNLTAEE,1626S,CNNGB,CNNGB,PHMNS,PHMNS,WYFH123,宁波外运泛海,WYFH123,R15PHNGB03561,,SNL,F,7,1,0,12,0,33,,,,,,,,7,1,12,,,,,,,,,,,,,
2017/1/1 10:00:00,CPS,SNLTAEE,1626S,CNNGB,CNNGB,PHMNL,PHMNL,YAXYNB,宁波亚细亚,NBWLB1,R15PHNGB03559,,SNL,F,0,0,0,1,0,2,,,,,,,,,,1,,,,,,,,,,,,,
2017/1/1 10:00:00,CPS,SNLTAEE,1626S,CNNGB,CNNGB,PHMNS,PHMNS,YAXYNB,宁波亚细亚,NBWLB1,,,SNL,F,0,1,0,25,0,52,,,,,,,,,1,25,,,,,,,,,,,,,
2017/1/1 10:00:00,CPS,SNLTAEE,1626S,CNNGB,CNNGB,PHMNL,PHMNL,YAXYNB,宁波亚细亚,NBWLB1,,,SNL,F,3,1,0,55,0,115,,,,,,,,3,1,55,,,,,,,,,,,,,
2017/1/1 2:00:00,PAN NKT1,PANXIOU,097E,CNNGB,CNNGB,JPTYO,JPTYO,JET55004092,浙江简达,JET55004092,,,SNL,F,2,0,0,0,0,2,,,,,,,,2,,,,,,,,,,,,,,,
2017/1/1 2:00:00,PAN NKT1,PANXIOU,097E,CNNGB,CNNGB,JPYOK,JPYOK,JET55004092,浙江简达,JET55004092,,,SNL,F,0,0,0,1,0,2,,,,,,,,,,1,,,,,,,,,,,,,
2017/1/1 2:00:00,PAN NKT1,PANXIOU,097E,CNNGB,CNNGB,JPYOK,JPYOK,LFGYLNB,宁波利丰,LFGYLNB,,,SNL,F,2,0,0,0,0,2,,,,,,,,2,,,,,,,,,,,,,,,
2017/1/1 2:00:00,PAN NKT1,PANXIOU,097E,CNNGB,CNNGB,JPTYO,JPTYO,LFGYLNB,宁波利丰,LFGYLNB,,,SNL,F,1,0,0,0,0,1,,,,,,,,1,,,,,,,,,,,,,,,
2017/1/1 2:00:00,PAN NKT1,PANXIOU,097E,CNNGB,CNNGB,JPTYO,JPTYO,NBCNTR,外运箱运,NBCNTR,R16JPNGB13687,,SNL,F,0,1,0,0,0,2,,,,,,,,,1,,,,,,,,,,,,,,
2017/1/1 2:00:00,PAN NKT1,PANXIOU,097E,CNNGB,CNNGB,JPTYO,JPTYO,NBCNTR,外运箱运,NBCNTR,00118JP16HQLN10,,SNL,F,1,0,0,1,0,3,,,,,,,,1,,1,,,,,,,,,,,,,
2017/1/1 2:00:00,PAN NKT1,PANXIOU,097E,CNNGB,CNNGB,JPTYO,JPTYO,NBCNTR,外运箱运,NBCNTR,00215JP16NGBN01,,SNL,F,2,0,0,1,0,4,,,,,,,,2,,1,,,,,,,,,,,,,
2017/1/1 2:00:00,PAN NKT1,PANXIOU,097E,CNNGB,CNNGB,JPYOK,JPYOK,NBCNTR,外运箱运,NBCNTR,00215JP16NGBN01,,SNL,F,1,0,0,0,0,1,,,,,,,,1,,,,,,,,,,,,,,,
2017/1/1 2:00:00,PAN NKT1,PANXIOU,097E,CNNGB,CNNGB,JPTYO,JPTYO,NBCNTR,外运箱运,NBCNTR,00118JP16HQLD10,,SNL,F,1,0,0,1,0,3,,,,,,,,1,,1,,,,,,,,,,,,,
2017/1/1 2:00:00,PAN NKT1,PANXIOU,097E,CNNGB,CNNGB,JPTYO,JPTYO,NBCNTR,外运箱运,NBCNTR,00176JP16NGBD02,,SNL,F,2,1,0,9,0,22,,,,,,,,2,1,9,,,,,,,,,,,,,
2017/1/1 2:00:00,PAN NKT1,PANXIOU,097E,CNNGB,CNNGB,JPTYO,JPTYO,NBHGWL,宁波外运海港,NBHGWL,,,SNL,F,0,0,0,2,0,4,,,,,,,,,,2,,,,,,,,,,,,,
2017/1/1 2:00:00,PAN NKT1,PANXIOU,097E,CNNGB,CNNGB,JPYOK,JPYOK,NBHGWL,宁波外运海港,NBHGWL,,,SNL,F,0,0,0,2,0,4,,,2,,,,,,,,,,,,,,,,,,,,
2017/1/1 2:00:00,PAN NKT1,PANXIOU,097E,CNNGB,CNNGB,JPTYO,JPTYO,NBHJ888,宁波豪捷,NBWLB1,,,SNL,F,1,1,0,1,0,5,,,,,,,,1,1,1,,,,,,,,,,,,,
2017/1/1 2:00:00,PAN NKT1,PANXIOU,097E,CNNGB,CNNGB,JPYOK,JPYOK,NBZHHD,宁波哲辉,NBWLB1,,,SNL,F,1,0,0,0,0,1,,,,,,,,1,,,,,,,,,,,,,,,
2017/1/1 2:00:00,PAN NKT1,PANXIOU,097E,CNNGB,CNNGB,JPYOK,JPYOK,NPSEL1218,宁波东南物流,NPSEL1218,,,SNL,F,1,0,0,0,0,1,1,,,,,,,,,,,,,,,,,,,,,,
2017/1/1 2:00:00,PAN NKT1,PANXIOU,097E,CNNGB,CNNGB,JPTYO,JPTYO,NPSEL1218,宁波东南物流,NPSEL1218,00206JP16NGBD01,,SNL,F,0,0,0,4,0,8,,,,,,,,,,4,,,,,,,,,,,,,
2017/1/1 2:00:00,PAN NKT1,PANXIOU,097E,CNNGB,CNNGB,JPTYO,JPTYO,NPSEL1218,宁波东南物流,NPSEL1218,00206JP16NGBD03,,SNL,F,1,1,0,0,0,3,,,,,,,,1,1,,,,,,,,,,,,,,
2017/1/1 2:00:00,PAN NKT1,PANXIOU,097E,CNNGB,CNNGB,JPTYO,JPTYO,NPSEL1218,宁波东南物流,NPSEL1218,,,SNL,F,1,1,0,0,0,3,,,,,,,,1,1,,,,,,,,,,,,,,
2017/1/1 2:00:00,PAN NKT1,PANXIOU,097E,CNNGB,CNNGB,JPTYO,JPTYO,NPSEL1218,宁波东南物流,NPSEL1218,00206JP16NGBD22,,SNL,F,0,0,0,1,0,2,,,,,,,,,,1,,,,,,,,,,,,,
2017/1/1 2:00:00,PAN NKT1,PANXIOU,097E,CNNGB,CNNGB,JPTYO,JPTYO,PAF1,宁波中远物流,PAF1,,,SNL,F,1,0,0,0,0,1,,,,,,,,1,,,,,,,,,,,,,,,
2017/1/1 2:00:00,PAN NKT1,PANXIOU,097E,CNNGB,CNNGB,JPTYO,JPTYO,QYGYL123,七运供应链,NBWLB1,R16JPNGB13685,,SNL,F,1,0,0,0,0,1,,,,,,,,1,,,,,,,,,,,,,,,
2017/1/1 2:00:00,PAN NKT1,PANXIOU,097E,CNNGB,CNNGB,JPTYO,JPTYO,SHHZ1906,宁波上海海尊,NBWLB1,R16JPNGB13123,,SNL,F,1,0,0,0,0,1,,,,,,,,1,,,,,,,,,,,,,,,
2017/1/1 2:00:00,PAN NKT1,PANXIOU,097E,CNNGB,CNNGB,JPTYO,JPTYO,TOPSHIPPING_2,宁波托浦船务,TOPSHIPPING_2,,,SNL,F,1,0,0,0,0,1,,,,,,,,1,,,,,,,,,,,,,,,
2017/1/1 2:00:00,PAN NKT1,PANXIOU,097E,CNNGB,CNNGB,JPTYO,JPTYO,TOPSHIPPING_2,宁波托浦船务,TOPSHIPPING_2,00176JP16NGBD02,,SNL,F,1,0,0,0,0,1,,,,,,,,1,,,,,,,,,,,,,,,
2017/1/1 2:00:00,PAN NKT1,PANXIOU,097E,CNNGB,CNNGB,JPYOK,JPYOK,TOPSHIPPING_2,宁波托浦船务,TOPSHIPPING_2,,,SNL,F,2,0,0,0,0,2,,,,,,,,2,,,,,,,,,,,,,,,
2017/1/1 2:00:00,PAN NKT1,PANXIOU,097E,CNNGB,CNNGB,JPTYO,JPTYO,WANGZJ,宁波泛洋,WANGZJ,00070JP16NGBN02,,SNL,F,0,4,0,1,0,10,,,,,,,,,4,1,,,,,,,,,,,,,
2017/1/1 2:00:00,PAN NKT1,PANXIOU,097E,CNNGB,CNNGB,JPTYO,JPTYO,WANGZJ,宁波泛洋,WANGZJ,,,SNL,F,1,0,0,0,0,1,,,,,,,,1,,,,,,,,,,,,,,,
2017/1/1 2:00:00,PAN NKT1,PANXIOU,097E,CNNGB,CNNGB,JPYOK,JPYOK,WANGZJ,宁波泛洋,WANGZJ,,,SNL,F,2,0,0,0,0,2,,,,,,,,2,,,,,,,,,,,,,,,
2017/1/1 2:00:00,PAN NKT1,PANXIOU,097E,CNNGB,CNNGB,JPTYO,JPTYO,WDXHXYB1,宁波外代新华箱运部,WDXHXYB1,00204JP17NGBN01,,SNL,F,2,0,0,0,0,2,,,,,,,,2,,,,,,,,,,,,,,,
2017/1/1 2:00:00,PAN NKT1,PANXIOU,097E,CNNGB,CNNGB,JPYOK,JPYOK,WDXHXYB1,宁波外代新华箱运部,WDXHXYB1,00204JP17NGBN01,,SNL,F,1,0,0,0,0,1,,,,,,,,1,,,,,,,,,,,,,,,
2017/1/1 2:00:00,PAN NKT1,PANXIOU,097E,CNNGB,CNNGB,JPTYO,JPTYO,WYHYFGS,宁波外运海运,WYHYFGS,,,SNL,F,1,1,0,0,0,3,,,,,,,,1,1,,,,,,,,,,,,,,
2017/1/1 20:00:00,SITC NJ1,SITSITA,1649N,CNNGB,CNNGB,JPYOK,JPYOK,JET55004092,浙江简达,JET55004092,,,SNL,F,1,1,0,0,0,3,,,,,,,,1,1,,,,,,,,,,,,,,
2017/1/1 20:00:00,SITC NJ1,SITSITA,1649N,CNZAP,CNNGB,JPNGO,JPNGO,JXCWDL,嘉兴外运,JXCWDL,,,SNL,F,1,0,0,0,0,1,,,,,,,,1,,,,,,,,,,,,,,,
2017/1/1 20:00:00,SITC NJ1,SITSITA,1649N,CNNGB,CNNGB,JPNGO,JPNGO,NBCNTR,外运箱运,NBCNTR,,,SOC,F,1,0,0,0,0,1,,,,,,,,,,,1,,,,,,,,,,,,
2017/1/1 20:00:00,SITC NJ1,SITSITA,1649N,CNNGB,CNNGB,JPNGO,JPNGO,NBCNTR,外运箱运,NBCNTR,00118JP16HQLN10,,SNL,F,0,0,0,5,0,10,,,,,,,,,,5,,,,,,,,,,,,,
2017/1/1 20:00:00,SITC NJ1,SITSITA,1649N,CNNGB,CNNGB,JPNGO,JPNGO,NBCNTR,外运箱运,NBCNTR,,,SNL,F,2,0,0,0,0,2,,,,,,,,2,,,,,,,,,,,,,,,
2017/1/1 20:00:00,SITC NJ1,SITSITA,1649N,CNNGB,CNNGB,JPNGO,JPNGO,NBCNTR,外运箱运,NBCNTR,00215JP16NGBN01,,SNL,F,1,0,0,0,0,1,,,,,,,,1,,,,,,,,,,,,,,,
2017/1/1 20:00:00,SITC NJ1,SITSITA,1649N,CNNGB,CNNGB,JPYOK,JPYOK,NBHGWL,宁波外运海港,NBHGWL,,,SNL,F,1,0,0,2,0,5,,,1,,,,,1,,1,,,,,,,,,,,,,
2017/1/1 20:00:00,SITC NJ1,SITSITA,1649N,CNNGB,CNNGB,JPNGO,JPNGO,NBHGWL,宁波外运海港,NBHGWL,,,SNL,F,1,0,0,0,0,1,,,,,,,,1,,,,,,,,,,,,,,,
2017/1/1 20:00:00,SITC NJ1,SITSITA,1649N,CNNGB,CNNGB,JPNGO,JPNGO,NPSEL1218,宁波东南物流,NPSEL1218,00206JP16NGBD01,,SNL,F,0,0,0,1,0,2,,,,,,,,,,1,,,,,,,,,,,,,
2017/1/1 20:00:00,SITC NJ1,SITSITA,1649N,CNNGB,CNNGB,JPNGO,JPNGO,PAF1,宁波中远物流,PAF1,,,SNL,F,1,0,0,0,0,1,,,,,,,,1,,,,,,,,,,,,,,,
2017/1/1 20:00:00,SITC NJ1,SITSITA,1649N,CNNGB,CNNGB,JPTYO,JPTYO,PHYTNB,宁波沛华运通,NBWLB1,,,SNL,F,1,0,0,0,0,1,,,,,,,,1,,,,,,,,,,,,,,,
2017/1/1 20:00:00,SITC NJ1,SITSITA,1649N,CNNGB,CNNGB,JPNGO,JPNGO,QYGYL123,七运供应链,NBWLB1,R16JPNGB13685,,SNL,F,0,1,0,0,0,2,,,,,,,,,1,,,,,,,,,,,,,,
2017/1/1 20:00:00,SITC NJ1,SITSITA,1649N,CNNGB,CNNGB,JPTYO,JPTYO,QYGYL123,七运供应链,NBWLB1,R16JPNGB13686,,SNL,F,1,1,0,0,0,3,,,,,,,,1,1,,,,,,,,,,,,,,
2017/1/1 20:00:00,SITC NJ1,SITSITA,1649N,CNNGB,CNNGB,JPTYO,JPTYO,QYGYL123,七运供应链,NBWLB1,,,SNL,F,1,0,0,0,0,1,,,,,,,,1,,,,,,,,,,,,,,,
2017/1/1 20:00:00,SITC NJ1,SITSITA,1649N,CNNGB,CNNGB,JPNGO,JPNGO,TOPSHIPPING_2,宁波托浦船务,TOPSHIPPING_2,,,SNL,F,0,0,0,2,0,4,,,,,,,,,,2,,,,,,,,,,,,,
2017/1/1 20:00:00,SITC NJ1,SITSITA,1649N,CNNGB,CNNGB,JPTYO,JPTYO,TOPSHIPPING_2,宁波托浦船务,TOPSHIPPING_2,,,SNL,F,1,0,0,0,0,1,,,,,,,,1,,,,,,,,,,,,,,,
2017/1/1 20:00:00,SITC NJ1,SITSITA,1649N,CNNGB,CNNGB,JPTYO,JPTYO,WDXHXYB1,宁波外代新华箱运部,WDXHXYB1,00204JP17NGBN01,,SNL,F,0,3,0,0,0,6,,,,,,,,,3,,,,,,,,,,,,,,
2017/1/1 20:00:00,SITC NJ1,SITSITA,1649N,CNNGB,CNNGB,JPNGO,JPNGO,WYFH123,宁波外运泛海,WYFH123,00340JP16NGBD01,,SNL,F,1,0,0,0,0,1,,,,,,,,1,,,,,,,,,,,,,,,
2017/1/10 18:00:00,NT1,SITNGBO,1702S,CNNGB,CNNGB,TWKEL,TWKEL,GXCW123,宁波港兴,GXCW123,,,SNL,F,0,0,0,1,0,2,,,,,,,,,,1,,,,,,,,,,,,,
2017/1/10 18:00:00,NT1,SITNGBO,1702S,CNNGB,CNNGB,TWKHH,TWKHH,JET55004092,浙江简达,JET55004092,,,SNL,F,1,0,0,4,0,9,,,,,,,,1,,4,,,,,,,,,,,,,
2017/1/10 18:00:00,NT1,SITNGBO,1702S,CNNGB,CNNGB,TWTXG,TWTXG,JET55004092,浙江简达,JET55004092,,,SNL,F,1,0,0,0,0,1,,,,,,,,1,,,,,,,,,,,,,,,
2017/1/10 18:00:00,NT1,SITNGBO,1702S,CNNGB,CNNGB,TWTXG,TWTXG,LFGYLNB,宁波利丰,LFGYLNB,,,SNL,F,3,0,0,1,0,5,,,,,,,,3,,1,,,,,,,,,,,,,
2017/1/10 18:00:00,NT1,SITNGBO,1702S,CNNGB,CNNGB,TWKHH,TWKHH,LFGYLNB,宁波利丰,LFGYLNB,,,SNL,F,1,0,0,2,0,5,,,,,,,,1,,2,,,,,,,,,,,,,
2017/1/10 18:00:00,NT1,SITNGBO,1702S,CNNGB,CNNGB,TWTXG,TWTXG,NBFANZHOU,宁波泛洲,NBFANZHOU,,,SNL,F,1,0,0,0,0,1,,,,,,,,1,,,,,,,,,,,,,,,
2017/1/10 18:00:00,NT1,SITNGBO,1702S,CNNGB,CNNGB,TWKHH,TWKHH,NBHGWL,宁波外运海港,NBHGWL,,,SNL,F,1,0,0,1,0,3,,,,,,,,1,,1,,,,,,,,,,,,,
2017/1/10 18:00:00,NT1,SITNGBO,1702S,CNNGB,CNNGB,TWTXG,TWTXG,NBZHHD,宁波哲辉,NBWLB1,,,SNL,F,3,1,0,1,0,7,,,,,,,,3,1,1,,,,,,,,,,,,,
2017/1/10 18:00:00,NT1,SITNGBO,1702S,CNNGB,CNNGB,TWKHH,TWKHH,NBZHHD,宁波哲辉,NBWLB1,,,SNL,F,3,0,0,0,0,3,,,,,,,,3,,,,,,,,,,,,,,,
2017/1/10 18:00:00,NT1,SITNGBO,1702S,CNNGB,CNNGB,TWKHH,TWKHH,WYHYFGS,宁波外运海运,WYHYFGS,,,SNL,F,1,0,0,0,0,1,,,,,,,,1,,,,,,,,,,,,,,,
2017/1/10 18:00:00,NT1,SITNGBO,1702S,CNNGB,CNNGB,TWKEL,TWKEL,ZJBTGJ,浙江邦泰,ZJBTGJ,00026TW17NGBD01,,SNL,F,0,0,0,4,0,8,,,,,,,,,,4,,,,,,,,,,,,,
2017/1/10 18:00:00,NT1,SITNGBO,1702S,CNNGB,CNNGB,TWKHH,TWKHH,ZJBTGJ,浙江邦泰,ZJBTGJ,00026TW17NGBD01,,SNL,F,2,0,0,4,0,10,,,,,,,,2,,4,,,,,,,,,,,,,
2017/1/11 18:00:00,CHS,SNLBAAR,1701S,CNNGB,CNNGB,VNHPH,VNHPH,JET55004092,浙江简达,JET55004092,R15VNNGB03563,,SNL,F,21,3,0,13,0,53,,,,,,,,21,3,13,,,,,,,,,,,,,
2017/1/11 18:00:00,CHS,SNLBAAR,1701S,CNNGB,CNNGB,VNHPH,VNHPH,NBMHWL,宁波美航物流,NBWLB1,,,SNL,F,2,0,0,0,0,2,,,,,,,,2,,,,,,,,,,,,,,,
2017/1/11 18:00:00,CHS,SNLBAAR,1701S,CNNGB,CNNGB,VNHPH,VNHPH,QYGYL123,七运供应链,NBWLB1,R16VNNGB13761,,SNL,F,6,2,0,16,0,42,,,,,,,,6,2,16,,,,,,,,,,,,,
2017/1/11 18:00:00,CHS,SNLBAAR,1701S,CNNGB,CNNGB,VNHPH,VNHPH,WYFH123,宁波外运泛海,WYFH123,R15VNNGB03565,,SNL,F,3,2,0,3,0,13,,,,,,,,3,2,3,,,,,,,,,,,,,
2017/1/11 8:00:00,CPF,SNLDFFG,1701S,CNNGB,CNNGB,PHMNS,PHMNS,JET55004092,浙江简达,JET55004092,R15PHNGB03541,,SNL,F,1,0,0,5,0,11,,,,,,,,1,,5,,,,,,,,,,,,,
2017/1/11 8:00:00,CPF,SNLDFFG,1701S,CNNGB,CNNGB,PHMNL,PHMNL,JET55004092,浙江简达,JET55004092,R15PHNGB03541,,SNL,F,3,0,0,13,0,29,,,,,,,,3,,13,,,,,,,,,,,,,
2017/1/11 8:00:00,CPF,SNLDFFG,1701S,CNNGB,CNNGB,PHMNS,PHMNS,QYGYL123,七运供应链,NBWLB1,R16PHNGB13751,,SNL,F,1,0,0,12,0,25,,,,,,,,1,,12,,,,,,,,,,,,,
2017/1/11 8:00:00,CPF,SNLDFFG,1701S,CNNGB,CNNGB,PHMNL,PHMNL,QYGYL123,七运供应链,NBWLB1,R16PHNGB13751,,SNL,F,3,0,0,11,0,25,,,,,,,,3,,11,,,,,,,,,,,,,
2017/1/11 8:00:00,CPF,SNLDFFG,1701S,CNNGB,CNNGB,PHMNL,PHMNL,WYFH123,宁波外运泛海,WYFH123,R15PHNGB03561,,SNL,F,1,1,0,6,0,15,,,,,,,,1,1,6,,,,,,,,,,,,,
2017/1/11 8:00:00,CPF,SNLDFFG,1701S,CNNGB,CNNGB,PHMNS,PHMNS,WYFH123,宁波外运泛海,WYFH123,R15PHNGB03561,,SNL,F,1,0,0,1,0,3,,,,,,,,1,,1,,,,,,,,,,,,,
2017/1/11 8:00:00,CPF,SNLDFFG,1701S,CNNGB,CNNGB,PHMNL,PHMNL,WYFH123,宁波外运泛海,WYFH123,,,SNL,F,0,0,0,2,0,4,,,,,,,,,,2,,,,,,,,,,,,,
2017/1/11 8:00:00,CPF,SNLDFFG,1701S,CNNGB,CNNGB,PHMNL,PHMNL,YAXYNB,宁波亚细亚,NBWLB1,,,SNL,F,0,1,0,18,0,38,,,,,,,,,1,18,,,,,,,,,,,,,
2017/1/11 8:00:00,CPF,SNLDFFG,1701S,CNNGB,CNNGB,PHMNS,PHMNS,YAXYNB,宁波亚细亚,NBWLB1,,,SNL,F,1,0,0,14,0,29,,,,,,,,1,,14,,,,,,,,,,,,,
2017/1/12 7:00:00,NEAX,YMLAROS,026S,CNNGB,CNNGB,AUMEL,AUMEL,JET55004092,浙江简达,JET55004092,R15AUNGB03570,,SNL,F,1,1,0,1,0,5,,,,,,,,1,1,1,,,,,,,,,,,,,
2017/1/12 7:00:00,NEAX,YMLAROS,026S,CNNGB,CNNGB,AUBNE,AUBNE,JET55004092,浙江简达,JET55004092,R15AUNGB03570,,SNL,F,1,0,0,0,0,1,,,,,,,,1,,,,,,,,,,,,,,,
2017/1/12 7:00:00,NEAX,YMLAROS,026S,CNNGB,CNNGB,AUSYD,AUSYD,JET55004092,浙江简达,JET55004092,R15AUNGB03570,,SNL,F,3,1,0,1,0,7,,,,,,,,3,1,1,,,,,,,,,,,,,
2017/1/12 7:00:00,NEAX,YMLAROS,026S,CNNGB,CNNGB,AUBNE,AUBNE,QYGYL123,七运供应链,NBWLB1,R16AUNGB13747,,SNL,F,1,1,0,0,0,3,,,,,,,,1,1,,,,,,,,,,,,,,
2017/1/12 7:00:00,NEAX,YMLAROS,026S,CNNGB,CNNGB,AUMEL,AUMEL,WYFH123,宁波外运泛海,WYFH123,R15AUNGB03569,,SNL,F,1,0,0,7,0,15,,,,,,,,1,,7,,,,,,,,,,,,,
2017/1/12 7:00:00,NEAX,YMLAROS,026S,CNNGB,CNNGB,AUSYD,AUSYD,WYFH123,宁波外运泛海,WYFH123,R15AUNGB03569,,SNL,F,1,0,0,0,0,1,,,,,,,,1,,,,,,,,,,,,,,,
2017/1/14 10:00:00,CAT,YMLSIRE,066S,CNNGB,CNNGB,AUMEL,AUMEL,JET55004092,浙江简达,JET55004092,R15AUNGB03570,,SNL,F,7,0,0,6,0,19,,,,,,,,7,,6,,,,,,,,,,,,,
2017/1/14 10:00:00,CAT,YMLSIRE,066S,CNNGB,CNNGB,AUSYD,AUSYD,JET55004092,浙江简达,JET55004092,R15AUNGB03570,,SNL,F,6,0,0,2,0,10,,,,,,,,6,,2,,,,,,,,,,,,,
2017/1/14 10:00:00,CAT,YMLSIRE,066S,CNNGB,CNNGB,AUBNE,AUBNE,JET55004092,浙江简达,JET55004092,R15AUNGB03570,,SNL,F,3,1,0,4,0,13,,,,,,,,3,1,4,,,,,,,,,,,,,
2017/1/14 10:00:00,CAT,YMLSIRE,066S,CNNGB,CNNGB,AUSYD,AUSYD,JET55004092,浙江简达,JET55004092,R15AUNGB03570,,SOC,F,1,0,0,0,0,1,,,,,,,,1,,,,,,,,,,,,,,,
2017/1/14 10:00:00,CAT,YMLSIRE,066S,CNNGB,CNNGB,AUMEL,AUMEL,QYGYL123,七运供应链,NBWLB1,R16AUNGB13747,,SNL,F,7,1,0,4,0,17,,,,,,,,7,1,4,,,,,,,,,,,,,
2017/1/14 10:00:00,CAT,YMLSIRE,066S,CNNGB,CNNGB,AUBNE,AUBNE,QYGYL123,七运供应链,NBWLB1,R16AUNGB13747,,SNL,F,2,0,0,1,0,4,,,,,,,,2,,1,,,,,,,,,,,,,
2017/1/14 10:00:00,CAT,YMLSIRE,066S,CNNGB,CNNGB,AUSYD,AUSYD,QYGYL123,七运供应链,NBWLB1,R16AUNGB13747,,SNL,F,6,1,0,3,0,14,,,,,,,,6,1,3,,,,,,,,,,,,,
2017/1/14 10:00:00,CAT,YMLSIRE,066S,CNNGB,CNNGB,AUMEL,AUMEL,WYFH123,宁波外运泛海,WYFH123,R15AUNGB03569,,SNL,F,1,1,0,1,0,5,,,,,,,,1,1,1,,,,,,,,,,,,,
2017/1/14 10:00:00,CAT,YMLSIRE,066S,CNNGB,CNNGB,AUSYD,AUSYD,WYFH123,宁波外运泛海,WYFH123,R15AUNGB03569,,SNL,F,2,0,0,0,0,2,,,,,,,,2,,,,,,,,,,,,,,,
2017/1/14 10:00:00,CAT,YMLSIRE,066S,CNFOC,CNNGB,AUSYD,AUSYD,ZWYFZFGS,中外运福州分公司,ZWYFZFGS,,,SNL,F,0,0,0,1,0,2,,,,,,,,,,1,,,,,,,,,,,,,
2017/1/14 16:00:00,SCT,SNLDFFU,1702S,CNNGB,CNNGB,TWKEL,TWKEL,FYCWBSIN,宁波泛洋船务部,FYCWBSIN,,,SNL,F,1,0,0,0,0,1,,,,,,,,1,,,,,,,,,,,,,,,
2017/1/14 16:00:00,SCT,SNLDFFU,1702S,CNNGB,CNNGB,TWTXG,TWTXG,GXCW123,宁波港兴,GXCW123,,,SNL,F,1,0,0,0,0,1,,,,,,,,1,,,,,,,,,,,,,,,
2017/1/14 16:00:00,SCT,SNLDFFU,1702S,CNNGB,CNNGB,TWKHH,TWKHH,GXCW123,宁波港兴,GXCW123,,,SNL,F,1,0,0,1,0,3,,,,,,,,1,,1,,,,,,,,,,,,,
2017/1/14 16:00:00,SCT,SNLDFFU,1702S,CNNGB,CNNGB,TWKEL,TWKEL,JET55004092,浙江简达,JET55004092,,,SNL,F,8,2,0,5,0,22,,,,,,,,8,2,5,,,,,,,,,,,,,
2017/1/14 16:00:00,SCT,SNLDFFU,1702S,CNNGB,CNNGB,TWTXG,TWTXG,JET55004092,浙江简达,JET55004092,,,SNL,F,2,0,0,8,0,18,,,,,,,,2,,8,,,,,,,,,,,,,
2017/1/14 16:00:00,SCT,SNLDFFU,1702S,CNNGB,CNNGB,TWKHH,TWKHH,JET55004092,浙江简达,JET55004092,,,SNL,F,1,1,0,5,0,13,,,,,,,,1,1,5,,,,,,,,,,,,,
2017/1/14 16:00:00,SCT,SNLDFFU,1702S,CNNGB,CNNGB,TWKEL,TWKEL,LFGYLNB,宁波利丰,LFGYLNB,,,SNL,F,1,0,0,3,0,7,,,,,,,,1,,3,,,,,,,,,,,,,
2017/1/14 16:00:00,SCT,SNLDFFU,1702S,CNNGB,CNNGB,TWKHH,TWKHH,LFGYLNB,宁波利丰,LFGYLNB,,,SNL,F,2,6,0,1,0,16,,,,,,,,2,6,1,,,,,,,,,,,,,
2017/1/14 16:00:00,SCT,SNLDFFU,1702S,CNNGB,CNNGB,TWKEL,TWKEL,NBCNTR,外运箱运,NBCNTR,,,SNL,F,2,0,0,0,0,2,,,,,,,,2,,,,,,,,,,,,,,,
2017/1/14 16:00:00,SCT,SNLDFFU,1702S,CNNGB,CNNGB,TWKEL,TWKEL,NBCNTR,外运箱运,NBCNTR,00246TW16NGBN03,,SNL,F,1,0,0,0,0,1,,,,,,,,1,,,,,,,,,,,,,,,
2017/1/14 16:00:00,SCT,SNLDFFU,1702S,CNNGB,CNNGB,TWKHH,TWKHH,NBCNTR,外运箱运,NBCNTR,,,SNL,F,0,0,0,1,0,2,,,,,,,,,,1,,,,,,,,,,,,,
2017/1/14 16:00:00,SCT,SNLDFFU,1702S,CNNGB,CNNGB,TWTXG,TWTXG,NBFANZHOU,宁波泛洲,NBFANZHOU,R16TWNGB13722,,SNL,F,11,0,0,0,0,11,11,,,,,,,,,,,,,,,,,,,,,,
2017/1/14 16:00:00,SCT,SNLDFFU,1702S,CNNGB,CNNGB,TWKHH,TWKHH,NBFANZHOU,宁波泛洲,NBFANZHOU,,,SNL,F,1,0,0,0,0,1,,,,,,,,1,,,,,,,,,,,,,,,
2017/1/14 16:00:00,SCT,SNLDFFU,1702S,CNNGB,CNNGB,TWTXG,TWTXG,NBFANZHOU,宁波泛洲,NBFANZHOU,,,SNL,F,1,0,0,0,0,1,,,,,,,,1,,,,,,,,,,,,,,,
2017/1/14 16:00:00,SCT,SNLDFFU,1702S,CNNGB,CNNGB,TWKHH,TWKHH,NBHGWL,宁波外运海港,NBHGWL,,,SNL,F,0,0,0,1,0,2,,,,,,,,,,1,,,,,,,,,,,,,
2017/1/14 16:00:00,SCT,SNLDFFU,1702S,CNNGB,CNNGB,TWKEL,TWKEL,NBHJ888,宁波豪捷,NBWLB1,,,SNL,F,0,1,0,0,0,2,,,,,,,,,1,,,,,,,,,,,,,,
2017/1/14 16:00:00,SCT,SNLDFFU,1702S,CNNGB,CNNGB,TWTXG,TWTXG,NBHJ888,宁波豪捷,NBWLB1,,,SNL,F,0,0,0,3,0,6,,,,,,,,,,3,,,,,,,,,,,,,
2017/1/14 16:00:00,SCT,SNLDFFU,1702S,CNNGB,CNNGB,TWKHH,TWKHH,NBHJ888,宁波豪捷,NBWLB1,,,SNL,F,0,0,0,1,0,2,,,,,,,,,,1,,,,,,,,,,,,,
2017/1/14 16:00:00,SCT,SNLDFFU,1702S,CNNGB,CNNGB,TWTXG,TWTXG,NBKAIYUAN,宁波开源,NBWLB1,,,SNL,F,0,1,0,1,0,4,,,,,,,,,1,1,,,,,,,,,,,,,
2017/1/14 16:00:00,SCT,SNLDFFU,1702S,CNNGB,CNNGB,TWKEL,TWKEL,NBKAIYUAN,宁波开源,NBWLB1,,,SNL,F,2,0,0,0,0,2,,,,,,,,2,,,,,,,,,,,,,,,
2017/1/14 16:00:00,SCT,SNLDFFU,1702S,CNNGB,CNNGB,TWKHH,TWKHH,NBKAIYUAN,宁波开源,NBWLB1,,,SNL,F,1,0,0,1,0,3,,,,,,,,1,,1,,,,,,,,,,,,,
2017/1/14 16:00:00,SCT,SNLDFFU,1702S,CNNGB,CNNGB,TWKHH,TWKHH,NBMHWL,宁波美航物流,NBWLB1,,,SNL,F,1,0,0,0,0,1,,,,,,,,1,,,,,,,,,,,,,,,
2017/1/14 16:00:00,SCT,SNLDFFU,1702S,CNNGB,CNNGB,TWKHH,TWKHH,NBSMSCW,宁波斯姆士船务代理有限公司,NBSMSCW,,,SNL,F,1,0,0,0,0,1,,,,,,,,1,,,,,,,,,,,,,,,
2017/1/14 16:00:00,SCT,SNLDFFU,1702S,CNNGB,CNNGB,TWKEL,TWKEL,NBZHCW,宁波中远海运船务代理有限公司,NBZHCW,,,SNL,F,1,0,0,0,0,1,,,,,,,,1,,,,,,,,,,,,,,,
2017/1/14 16:00:00,SCT,SNLDFFU,1702S,CNNGB,CNNGB,TWTXG,TWTXG,NBZHHD,宁波哲辉,NBWLB1,,,SNL,F,3,0,0,1,0,5,,,,,,,,3,,1,,,,,,,,,,,,,
2017/1/14 16:00:00,SCT,SNLDFFU,1702S,CNNGB,CNNGB,TWKEL,TWKEL,NBZHHD,宁波哲辉,NBWLB1,,,SNL,F,5,0,0,2,0,9,,,1,,,,,5,,1,,,,,,,,,,,,,
2017/1/14 16:00:00,SCT,SNLDFFU,1702S,CNNGB,CNNGB,TWKHH,TWKHH,NBZHHD,宁波哲辉,NBWLB1,,,SNL,F,0,0,0,2,0,4,,,,,,,,,,2,,,,,,,,,,,,,
2017/1/14 16:00:00,SCT,SNLDFFU,1702S,CNNGB,CNNGB,TWKEL,TWKEL,NINGBOJIASHEN,宁波上海甲申,NBWLB1,,,SNL,F,0,0,0,2,0,4,,,2,,,,,,,,,,,,,,,,,,,,
2017/1/14 16:00:00,SCT,SNLDFFU,1702S,CNNGB,CNNGB,TWKEL,TWKEL,NPSEL1218,宁波东南物流,NPSEL1218,,,SNL,F,2,0,0,0,0,2,,,,,,,,2,,,,,,,,,,,,,,,
2017/1/14 16:00:00,SCT,SNLDFFU,1702S,CNNGB,CNNGB,TWKEL,TWKEL,PHYTNB,宁波沛华运通,NBWLB1,,,SNL,F,0,0,0,2,0,4,,,,,,,,,,2,,,,,,,,,,,,,
2017/1/14 16:00:00,SCT,SNLDFFU,1702S,CNNGB,CNNGB,TWKEL,TWKEL,QYGYL123,七运供应链,NBWLB1,,,SNL,F,2,0,0,1,0,4,,,,,,,,2,,1,,,,,,,,,,,,,
2017/1/14 16:00:00,SCT,SNLDFFU,1702S,CNNGB,CNNGB,TWTXG,TWTXG,QYGYL123,七运供应链,NBWLB1,,,SNL,F,1,0,0,0,0,1,,,,,,,,1,,,,,,,,,,,,,,,
2017/1/14 16:00:00,SCT,SNLDFFU,1702S,CNNGB,CNNGB,TWKHH,TWKHH,QYGYL123,七运供应链,NBWLB1,,,SNL,F,3,0,0,1,0,5,,,,,,,,3,,1,,,,,,,,,,,,,
2017/1/14 16:00:00,SCT,SNLDFFU,1702S,CNNGB,CNNGB,TWKHH,TWKHH,SHCTNB001,宁波上海诚泰,NBWLB1,,,SNL,F,0,0,0,1,0,2,,,,,,,,,,1,,,,,,,,,,,,,
2017/1/14 16:00:00,SCT,SNLDFFU,1702S,CNNGB,CNNGB,TWKEL,TWKEL,TOPSHIPPING_2,宁波托浦船务,TOPSHIPPING_2,,,SNL,F,1,0,0,0,0,1,,,,,,,,1,,,,,,,,,,,,,,,
2017/1/14 16:00:00,SCT,SNLDFFU,1702S,CNNGB,CNNGB,TWKEL,TWKEL,WYFH123,宁波外运泛海,WYFH123,,,SNL,F,0,1,0,0,0,2,,,,,,,,,1,,,,,,,,,,,,,,
2017/1/14 16:00:00,SCT,SNLDFFU,1702S,CNNGB,CNNGB,TWKHH,TWKHH,WYFH123,宁波外运泛海,WYFH123,,,SNL,F,1,0,0,0,0,1,,,,,,,,1,,,,,,,,,,,,,,,
2017/1/14 16:00:00,SCT,SNLDFFU,1702S,CNNGB,CNNGB,TWKEL,TWKEL,WYHYFGS,宁波外运海运,WYHYFGS,,,SNL,F,2,1,0,1,0,6,,,,,,,,2,1,1,,,,,,,,,,,,,
2017/1/14 16:00:00,SCT,SNLDFFU,1702S,CNNGB,CNNGB,TWTXG,TWTXG,WYHYFGS,宁波外运海运,WYHYFGS,,,SNL,F,0,0,0,2,0,4,,,,,,,,,,2,,,,,,,,,,,,,
2017/1/14 16:00:00,SCT,SNLDFFU,1702S,CNNGB,CNNGB,TWKHH,TWKHH,WYHYFGS,宁波外运海运,WYHYFGS,,,SNL,F,0,0,0,3,0,6,,,,,,,,,,3,,,,,,,,,,,,,
2017/1/14 16:00:00,SCT,SNLDFFU,1702S,CNNGB,CNNGB,TWKEL,TWKEL,YGF123,宁波雅戈尔,YGF123,,,SNL,F,1,0,0,0,0,1,,,,,,,,1,,,,,,,,,,,,,,,
2017/1/14 16:00:00,SCT,SNLDFFU,1702S,CNNGB,CNNGB,TWKHH,TWKHH,ZJBTGJ,浙江邦泰,ZJBTGJ,00026TW17NGBD01,,SNL,F,0,0,0,12,0,24,,,,,,,,,,12,,,,,,,,,,,,,
2017/1/14 16:00:00,SCT,SNLDFFU,1702S,CNNGB,CNNGB,TWKEL,TWKEL,ZJBTGJ,浙江邦泰,ZJBTGJ,00026TW17NGBD01,,SNL,F,1,0,0,2,0,5,,,,,,,,1,,2,,,,,,,,,,,,,
2017/1/14 16:00:00,SCT,SNLDFFU,1702S,CNNGB,CNNGB,TWTXG,TWTXG,ZJBTGJ,浙江邦泰,ZJBTGJ,00026TW17NGBD01,,SNL,F,0,0,0,1,0,2,,,,,,,,,,1,,,,,,,,,,,,,
2017/1/14 16:00:00,SCT,SNLDFFU,1702S,CNNGB,CNNGB,TWKEL,TWKEL,ZJWKWL,宁波五矿物流,ZJWKWL,,,SNL,F,1,0,0,0,0,1,,,,,,,,1,,,,,,,,,,,,,,,
2017/1/14 16:00:00,SCT,SNLDFFU,1702S,CNNGB,CNNGB,TWTXG,TWTXG,ZOSCONB,浙远宁波物流,ZOSCONB,,,SNL,F,30,0,0,1,0,32,,,,,,,,30,,1,,,,,,,,,,,,,
2017/1/14 16:00:00,SCT,SNLDFFU,1702S,CNNGB,CNNGB,TWKEL,TWKEL,ZOSCONB,浙远宁波物流,ZOSCONB,,,SNL,F,0,0,0,6,0,12,,,,,,,,,,6,,,,,,,,,,,,,
2017/1/14 16:00:00,SCT,SNLDFFU,1702S,CNNGB,CNNGB,TWTXG,TWTXG,ZWYMZ1,宁波中外运明州,ZWYMZ1,,,SNL,F,0,0,0,2,0,4,,,,,,,,,,2,,,,,,,,,,,,,
2017/1/14 6:00:00,EASNSP,EASSIAI,1703E,CNNGB,CNNGB,KRPUS,KRPUS,GXCW123,宁波港兴,GXCW123,,,SNL,F,0,0,0,1,0,2,,,,,,,,,,1,,,,,,,,,,,,,
2017/1/14 6:00:00,EASNSP,EASSIAI,1703E,CNNGB,CNNGB,KRPUS,KRPUS,JET55004092,浙江简达,JET55004092,,,SNL,F,2,1,0,0,0,4,,,,,,,,2,1,,,,,,,,,,,,,,
2017/1/14 6:00:00,EASNSP,EASSIAI,1703E,CNNGB,CNNGB,KRPUS,KRPUS,NBKAIYUAN,宁波开源,NBWLB1,,,SNL,F,1,0,0,0,0,1,,,,,,,,1,,,,,,,,,,,,,,,
2017/1/14 6:00:00,EASNSP,EASSIAI,1703E,CNNGB,CNNGB,KRPUS,KRPUS,NBZHHD,宁波哲辉,NBWLB1,,,SOC,F,0,0,0,1,0,2,,,1,,,,,,,,,,,,,,,,,,,,
2017/1/14 6:00:00,EASNSP,EASSIAI,1703E,CNNGB,CNNGB,KRPUS,KRPUS,QYGYL123,七运供应链,NBWLB1,,,SNL,F,1,0,0,0,0,1,,,,,,,,1,,,,,,,,,,,,,,,
2017/1/14 9:00:00,SITC NA1,SITSIHI,1701N,CNNGB,CNNGB,JPOSA,JPOSA,JET55004092,浙江简达,JET55004092,,,SNL,F,1,0,0,0,0,1,,,,,,,,1,,,,,,,,,,,,,,,
2017/1/14 9:00:00,SITC NA1,SITSIHI,1701N,CNNGB,CNNGB,JPUKB,JPUKB,JET55004092,浙江简达,JET55004092,,,SNL,F,1,0,0,0,0,1,,,,,,,,1,,,,,,,,,,,,,,,
2017/1/14 9:00:00,SITC NA1,SITSIHI,1701N,CNNGB,CNNGB,JPOSA,JPOSA,LFGYLNB,宁波利丰,LFGYLNB,,,SNL,F,1,0,0,0,0,1,,,,,,,,1,,,,,,,,,,,,,,,
2017/1/14 9:00:00,SITC NA1,SITSIHI,1701N,CNNGB,CNNGB,JPUKB,JPUKB,NBCNTR,外运箱运,NBCNTR,00055JP16NGBN01,,SNL,F,1,0,0,1,0,3,,,,,,,,1,,1,,,,,,,,,,,,,
2017/1/14 9:00:00,SITC NA1,SITSIHI,1701N,CNNGB,CNNGB,JPUKB,JPUKB,NBCNTR,外运箱运,NBCNTR,00176JP16NGBD02,,SNL,F,0,2,0,0,0,4,,,,,,,,,2,,,,,,,,,,,,,,
2017/1/14 9:00:00,SITC NA1,SITSIHI,1701N,CNNGB,CNNGB,JPOSA,JPOSA,NBCNTR,外运箱运,NBCNTR,,,SNL,F,2,0,0,0,0,2,,,,,,,,2,,,,,,,,,,,,,,,
2017/1/14 9:00:00,SITC NA1,SITSIHI,1701N,CNNGB,CNNGB,JPOSA,JPOSA,NBHGWL,宁波外运海港,NBHGWL,,,SNL,F,0,0,0,1,0,2,,,1,,,,,,,,,,,,,,,,,,,,
2017/1/14 9:00:00,SITC NA1,SITSIHI,1701N,CNNGB,CNNGB,JPOSA,JPOSA,NBHGWL,宁波外运海港,NBHGWL,R17JPNGB14083,,SNL,F,0,0,0,1,0,2,,,1,,,,,,,,,,,,,,,,,,,,
2017/1/14 9:00:00,SITC NA1,SITSIHI,1701N,CNNGB,CNNGB,JPOSA,JPOSA,NBHJ888,宁波豪捷,NBWLB1,,,SNL,F,0,0,0,1,0,2,,,,,,,,,,1,,,,,,,,,,,,,
2017/1/14 9:00:00,SITC NA1,SITSIHI,1701N,CNNGB,CNNGB,JPUKB,JPUKB,NPSEL1218,宁波东南物流,NPSEL1218,00206JP16NGBD01,,SNL,F,1,0,0,0,0,1,,,,,,,,1,,,,,,,,,,,,,,,
2017/1/14 9:00:00,SITC NA1,SITSIHI,1701N,CNNGB,CNNGB,JPOSA,JPOSA,NPSEL1218,宁波东南物流,NPSEL1218,00206JP16NGBD01,,SNL,F,6,0,0,1,0,8,,,,,,,,6,,1,,,,,,,,,,,,,
2017/1/14 9:00:00,SITC NA1,SITSIHI,1701N,CNNGB,CNNGB,JPOSA,JPOSA,PAF1,宁波中远物流,PAF1,00030JP17NGBN01,,SNL,F,5,0,0,0,0,5,,,,,,,,5,,,,,,,,,,,,,,,
2017/1/14 9:00:00,SITC NA1,SITSIHI,1701N,CNNGB,CNNGB,JPOSA,JPOSA,QYGYL123,七运供应链,NBWLB1,,,SNL,F,1,0,0,0,0,1,,,,,,,,1,,,,,,,,,,,,,,,
2017/1/14 9:00:00,SITC NA1,SITSIHI,1701N,CNNGB,CNNGB,JPOSA,JPOSA,TOPSHIPPING_2,宁波托浦船务,TOPSHIPPING_2,,,SNL,F,0,0,0,1,0,2,,,,,,,,,,1,,,,,,,,,,,,,
2017/1/14 9:00:00,SITC NA1,SITSIHI,1701N,CNNGB,CNNGB,JPUKB,JPUKB,WYHYFGS,宁波外运海运,WYHYFGS,00098JP16NGBN01,,SNL,F,0,0,0,1,0,2,,,,,,,,,,1,,,,,,,,,,,,,
2017/1/15 10:00:00,CPS,SNLTAEE,1701S,CNNGB,CNNGB,PHMNS,PHMNS,JET55004092,浙江简达,JET55004092,R15PHNGB03541,,SNL,F,6,0,0,20,0,46,,,,,,,,6,,20,,,,,,,,,,,,,
2017/1/15 10:00:00,CPS,SNLTAEE,1701S,CNNGB,CNNGB,PHMNL,PHMNL,JET55004092,浙江简达,JET55004092,R15PHNGB03541,,SNL,F,3,3,0,21,0,51,,,,,,,,3,3,21,,,,,,,,,,,,,
2017/1/15 10:00:00,CPS,SNLTAEE,1701S,CNNGB,CNNGB,PHMNL,PHMNL,QYGYL123,七运供应链,NBWLB1,R16PHNGB13751,,SNL,F,1,0,0,49,0,99,,,,,,,,1,,49,,,,,,,,,,,,,
2017/1/15 10:00:00,CPS,SNLTAEE,1701S,CNNGB,CNNGB,PHMNS,PHMNS,QYGYL123,七运供应链,NBWLB1,R16PHNGB13751,,SNL,F,1,0,0,16,0,33,,,,,,,,1,,16,,,,,,,,,,,,,
2017/1/15 10:00:00,CPS,SNLTAEE,1701S,CNNGB,CNNGB,PHMNL,PHMNL,QYGYL123,七运供应链,NBWLB1,R16PHNGB13943,,SNL,F,0,0,0,10,0,20,,,10,,,,,,,,,,,,,,,,,,,,
2017/1/15 10:00:00,CPS,SNLTAEE,1701S,CNNGB,CNNGB,PHMNL,PHMNL,WYFH123,宁波外运泛海,WYFH123,R15PHNGB03561,,SNL,F,2,1,0,29,0,62,,,,,,,,2,1,29,,,,,,,,,,,,,
2017/1/15 10:00:00,CPS,SNLTAEE,1701S,CNNGB,CNNGB,PHMNS,PHMNS,WYFH123,宁波外运泛海,WYFH123,R15PHNGB03561,,SNL,F,3,0,0,16,0,35,,,,,,,,3,,16,,,,,,,,,,,,,
2017/1/15 10:00:00,CPS,SNLTAEE,1701S,CNNGB,CNNGB,PHMNS,PHMNS,WYFH123,宁波外运泛海,WYFH123,,,SNL,F,0,0,0,3,0,6,,,,,,,,,,3,,,,,,,,,,,,,
2017/1/15 10:00:00,CPS,SNLTAEE,1701S,CNNGB,CNNGB,PHMNL,PHMNL,YAXYNB,宁波亚细亚,NBWLB1,,,SNL,F,0,0,0,60,0,120,,,,,,,,,,60,,,,,,,,,,,,,
2017/1/15 10:00:00,CPS,SNLTAEE,1701S,CNNGB,CNNGB,PHMNS,PHMNS,YAXYNB,宁波亚细亚,NBWLB1,,,SNL,F,0,0,0,14,0,28,,,,,,,,,,14,,,,,,,,,,,,,
2017/1/15 10:00:00,CPS,SNLTAEE,1701S,CNNGB,CNNGB,PHMNS,PHMNS,ZWYMZ1,宁波中外运明州,ZWYMZ1,,,SNL,F,0,1,0,0,0,2,,,,,,,,,1,,,,,,,,,,,,,,
2017/1/15 2:00:00,PAN NKT1,PANXIOU,099E,CNNGB,CNNGB,JPYOK,JPYOK,JET55004092,浙江简达,JET55004092,,,SNL,F,0,2,0,0,0,4,,,,,,,,,2,,,,,,,,,,,,,,
2017/1/15 2:00:00,PAN NKT1,PANXIOU,099E,CNNGB,CNNGB,JPTYO,JPTYO,JET55004092,浙江简达,JET55004092,,,SNL,F,1,0,0,0,0,1,,,,,,,,1,,,,,,,,,,,,,,,
2017/1/15 2:00:00,PAN NKT1,PANXIOU,099E,CNZAP,CNNGB,JPTYO,JPTYO,JXCWDL,嘉兴外运,JXCWDL,,,SNL,F,1,0,0,0,0,1,,,,,,,,1,,,,,,,,,,,,,,,
2017/1/15 2:00:00,PAN NKT1,PANXIOU,099E,CNNGB,CNNGB,JPTYO,JPTYO,LFGYLNB,宁波利丰,LFGYLNB,,,SNL,F,1,0,0,0,0,1,,,,,,,,1,,,,,,,,,,,,,,,
2017/1/15 2:00:00,PAN NKT1,PANXIOU,099E,CNNGB,CNNGB,JPYOK,JPYOK,LFGYLNB,宁波利丰,LFGYLNB,,,SNL,F,0,0,0,4,0,8,,,,,,,,,,4,,,,,,,,,,,,,
2017/1/15 2:00:00,PAN NKT1,PANXIOU,099E,CNNGB,CNNGB,JPTYO,JPTYO,NBCNTR,外运箱运,NBCNTR,00176JP16NGBD02,,SNL,F,2,3,0,8,0,24,,,,,,,,2,3,8,,,,,,,,,,,,,
2017/1/15 2:00:00,PAN NKT1,PANXIOU,099E,CNNGB,CNNGB,JPTYO,JPTYO,NBCNTR,外运箱运,NBCNTR,00118JP16HQLD10,,SNL,F,1,2,0,4,0,13,,,,,,,,1,2,4,,,,,,,,,,,,,
2017/1/15 2:00:00,PAN NKT1,PANXIOU,099E,CNNGB,CNNGB,JPTYO,JPTYO,NBCNTR,外运箱运,NBCNTR,00215JP16NGBN01,,SNL,F,3,0,0,0,0,3,,,,,,,,3,,,,,,,,,,,,,,,
2017/1/15 2:00:00,PAN NKT1,PANXIOU,099E,CNNGB,CNNGB,JPYOK,JPYOK,NBCNTR,外运箱运,NBCNTR,00215JP16NGBN01,,SNL,F,1,0,0,0,0,1,,,,,,,,1,,,,,,,,,,,,,,,
2017/1/15 2:00:00,PAN NKT1,PANXIOU,099E,CNNGB,CNNGB,JPTYO,JPTYO,NBHGWL,宁波外运海港,NBHGWL,,,SNL,F,1,0,0,2,0,5,1,,1,,,,,,,1,,,,,,,,,,,,,
2017/1/15 2:00:00,PAN NKT1,PANXIOU,099E,CNNGB,CNNGB,JPTYO,JPTYO,NBHGWL,宁波外运海港,NBHGWL,R17JPNGB14083,,SNL,F,0,0,0,1,0,2,,,1,,,,,,,,,,,,,,,,,,,,
2017/1/15 2:00:00,PAN NKT1,PANXIOU,099E,CNNGB,CNNGB,JPTYO,JPTYO,NBHGWL,宁波外运海港,NBHGWL,R17JPNGB14081,,SNL,F,0,0,0,1,0,2,,,1,,,,,,,,,,,,,,,,,,,,
2017/1/15 2:00:00,PAN NKT1,PANXIOU,099E,CNNGB,CNNGB,JPTYO,JPTYO,NBHJ888,宁波豪捷,NBWLB1,,,SNL,F,0,1,0,1,0,4,,,,,,,,,1,1,,,,,,,,,,,,,
2017/1/15 2:00:00,PAN NKT1,PANXIOU,099E,CNNGB,CNNGB,JPTYO,JPTYO,NBZHHD,宁波哲辉,NBWLB1,,,SOC,E,2,0,0,0,0,2,,,,,,,,,,,2,,,,,,,,,,,,
2017/1/15 2:00:00,PAN NKT1,PANXIOU,099E,CNNGB,CNNGB,JPTYO,JPTYO,NBZHHD,宁波哲辉,NBWLB1,,,SNL,F,2,0,0,0,0,2,2,,,,,,,,,,,,,,,,,,,,,,
2017/1/15 2:00:00,PAN NKT1,PANXIOU,099E,CNNGB,CNNGB,JPTYO,JPTYO,NINGBOJIASHEN,宁波上海甲申,NBWLB1,00165JP16NGBN10,,SNL,F,1,0,0,1,0,3,,,,,,,,1,,1,,,,,,,,,,,,,
2017/1/15 2:00:00,PAN NKT1,PANXIOU,099E,CNNGB,CNNGB,JPYOK,JPYOK,NPSEL1218,宁波东南物流,NPSEL1218,,,SNL,F,1,0,0,0,0,1,1,,,,,,,,,,,,,,,,,,,,,,
2017/1/15 2:00:00,PAN NKT1,PANXIOU,099E,CNNGB,CNNGB,JPTYO,JPTYO,NPSEL1218,宁波东南物流,NPSEL1218,00206JP16NGBD01,,SNL,F,0,0,0,4,0,8,,,,,,,,,,4,,,,,,,,,,,,,
2017/1/15 2:00:00,PAN NKT1,PANXIOU,099E,CNNGB,CNNGB,JPTYO,JPTYO,NPSEL1218,宁波东南物流,NPSEL1218,00206JP16NGBD22,,SNL,F,0,0,0,3,0,6,,,,,,,,,,3,,,,,,,,,,,,,
2017/1/15 2:00:00,PAN NKT1,PANXIOU,099E,CNNGB,CNNGB,JPTYO,JPTYO,NPSEL1218,宁波东南物流,NPSEL1218,,,SNL,F,1,0,0,0,0,1,,,,,,,,1,,,,,,,,,,,,,,,
2017/1/15 2:00:00,PAN NKT1,PANXIOU,099E,CNNGB,CNNGB,JPTYO,JPTYO,PAF1,宁波中远物流,PAF1,00030JP17NGBN01,,SNL,F,1,0,0,0,0,1,,,,,,,,1,,,,,,,,,,,,,,,
2017/1/15 2:00:00,PAN NKT1,PANXIOU,099E,CNNGB,CNNGB,JPTYO,JPTYO,QYGYL123,七运供应链,NBWLB1,R16JPNGB13686,,SNL,F,0,0,0,3,0,6,,,,,,,,,,3,,,,,,,,,,,,,
2017/1/15 2:00:00,PAN NKT1,PANXIOU,099E,CNNGB,CNNGB,JPTYO,JPTYO,TOPSHIPPING_2,宁波托浦船务,TOPSHIPPING_2,,,SNL,F,2,0,0,0,0,2,,,,,,,,2,,,,,,,,,,,,,,,
2017/1/15 2:00:00,PAN NKT1,PANXIOU,099E,CNNGB,CNNGB,JPTYO,JPTYO,TOPSHIPPING_2,宁波托浦船务,TOPSHIPPING_2,00176JP16NGBD02,,SNL,F,0,0,0,2,0,4,,,,,,,,,,2,,,,,,,,,,,,,
2017/1/15 2:00:00,PAN NKT1,PANXIOU,099E,CNNGB,CNNGB,JPTYO,JPTYO,WANGZJ,宁波泛洋,WANGZJ,00070JP16NGBN02,,SNL,F,1,2,0,1,0,7,,,,,,,,1,2,1,,,,,,,,,,,,,
2017/1/15 2:00:00,PAN NKT1,PANXIOU,099E,CNNGB,CNNGB,JPTYO,JPTYO,WDXHXYB1,宁波外代新华箱运部,WDXHXYB1,00204JP17NGBN01,,SNL,F,3,3,0,0,0,9,,,,,,,,3,3,,,,,,,,,,,,,,
2017/1/15 2:00:00,PAN NKT1,PANXIOU,099E,CNNGB,CNNGB,JPTYO,JPTYO,WYHYFGS,宁波外运海运,WYHYFGS,00098JP16NGBN01,,SNL,F,0,1,0,0,0,2,,,,,,,,,1,,,,,,,,,,,,,,
2017/1/15 2:00:00,PAN NKT1,PANXIOU,099E,CNNGB,CNNGB,JPTYO,JPTYO,WYHYFGS,宁波外运海运,WYHYFGS,,,SNL,F,2,0,0,0,0,2,,,,,,,,2,,,,,,,,,,,,,,,
2017/1/15 20:00:00,SITC NJ1,SITSIZH,1701N,CNNGB,CNNGB,JPYOK,JPYOK,JET55004092,浙江简达,JET55004092,,,SNL,F,0,0,0,2,0,4,,,,,,,,,,2,,,,,,,,,,,,,
2017/1/15 20:00:00,SITC NJ1,SITSIZH,1701N,CNNGB,CNNGB,JPNGO,JPNGO,JET55004092,浙江简达,JET55004092,,,SNL,F,1,0,0,0,0,1,,,,,,,,1,,,,,,,,,,,,,,,
2017/1/15 20:00:00,SITC NJ1,SITSIZH,1701N,CNNGB,CNNGB,JPNGO,JPNGO,LFGYLNB,宁波利丰,LFGYLNB,,,SNL,F,1,1,0,0,0,3,,,,,,,,1,1,,,,,,,,,,,,,,
2017/1/15 20:00:00,SITC NJ1,SITSIZH,1701N,CNNGB,CNNGB,JPTYO,JPTYO,NBCNTR,外运箱运,NBCNTR,00118JP16HQLD10,,SNL,F,0,0,0,6,0,12,,,,,,,,,,6,,,,,,,,,,,,,
2017/1/15 20:00:00,SITC NJ1,SITSIZH,1701N,CNNGB,CNNGB,JPTYO,JPTYO,NBCNTR,外运箱运,NBCNTR,00215JP16NGBN01,,SNL,F,0,1,0,0,0,2,,,,,,,,,1,,,,,,,,,,,,,,
2017/1/15 20:00:00,SITC NJ1,SITSIZH,1701N,CNNGB,CNNGB,JPTYO,JPTYO,NBCNTR,外运箱运,NBCNTR,00118JP16HQLN10,,SNL,F,0,0,0,2,0,4,,,,,,,,,,2,,,,,,,,,,,,,
2017/1/15 20:00:00,SITC NJ1,SITSIZH,1701N,CNNGB,CNNGB,JPNGO,JPNGO,NBCNTR,外运箱运,NBCNTR,,,SNL,F,1,0,0,0,0,1,,,,,,,,1,,,,,,,,,,,,,,,
2017/1/15 20:00:00,SITC NJ1,SITSIZH,1701N,CNNGB,CNNGB,JPNGO,JPNGO,NBCNTR,外运箱运,NBCNTR,R16JPNGB13687,,SNL,F,0,1,0,0,0,2,,,,,,,,,1,,,,,,,,,,,,,,
2017/1/15 20:00:00,SITC NJ1,SITSIZH,1701N,CNNGB,CNNGB,JPTYO,JPTYO,NBCNTR,外运箱运,NBCNTR,R16JPNGB13687,,SNL,F,0,2,0,1,0,6,,,,,,,,,2,1,,,,,,,,,,,,,
2017/1/15 20:00:00,SITC NJ1,SITSIZH,1701N,CNNGB,CNNGB,JPTYO,JPTYO,NBCNTR,外运箱运,NBCNTR,00176JP16NGBD02,,SNL,F,1,0,0,0,0,1,,,,,,,,1,,,,,,,,,,,,,,,
2017/1/15 20:00:00,SITC NJ1,SITSIZH,1701N,CNNGB,CNNGB,JPNGO,JPNGO,NBHGWL,宁波外运海港,NBHGWL,,,SNL,F,1,0,0,0,0,1,,,,,,,,1,,,,,,,,,,,,,,,
2017/1/15 20:00:00,SITC NJ1,SITSIZH,1701N,CNNGB,CNNGB,JPYOK,JPYOK,NBHGWL,宁波外运海港,NBHGWL,R17JPNGB14081,,SNL,F,0,0,0,1,0,2,,,1,,,,,,,,,,,,,,,,,,,,
2017/1/15 20:00:00,SITC NJ1,SITSIZH,1701N,CNNGB,CNNGB,JPTYO,JPTYO,NBHGWL,宁波外运海港,NBHGWL,R17JPNGB14081,,SNL,F,0,0,0,1,0,2,,,1,,,,,,,,,,,,,,,,,,,,
2017/1/15 20:00:00,SITC NJ1,SITSIZH,1701N,CNNGB,CNNGB,JPYOK,JPYOK,NBZHHD,宁波哲辉,NBWLB1,,,SNL,F,0,1,0,0,0,2,,,,,,,,,1,,,,,,,,,,,,,,
2017/1/15 20:00:00,SITC NJ1,SITSIZH,1701N,CNNGB,CNNGB,JPNGO,JPNGO,NINGBOJIASHEN,宁波上海甲申,NBWLB1,00165JP16NGBN10,,SNL,F,1,0,0,0,0,1,,,,,,,,1,,,,,,,,,,,,,,,
2017/1/15 20:00:00,SITC NJ1,SITSIZH,1701N,CNNGB,CNNGB,JPNGO,JPNGO,NPSEL1218,宁波东南物流,NPSEL1218,00206JP16NGBD01,,SNL,F,1,0,0,2,0,5,,,,,,,,1,,2,,,,,,,,,,,,,
2017/1/15 20:00:00,SITC NJ1,SITSIZH,1701N,CNNGB,CNNGB,JPTYO,JPTYO,NPSEL1218,宁波东南物流,NPSEL1218,,,SNL,F,0,0,0,1,0,2,,,,,,,,,,1,,,,,,,,,,,,,
2017/1/15 20:00:00,SITC NJ1,SITSIZH,1701N,CNNGB,CNNGB,JPNGO,JPNGO,PAF1,宁波中远物流,PAF1,,,SNL,F,0,0,0,2,0,4,,,,,,,,,,2,,,,,,,,,,,,,
2017/1/15 20:00:00,SITC NJ1,SITSIZH,1701N,CNNGB,CNNGB,JPNGO,JPNGO,QYGYL123,七运供应链,NBWLB1,R16JPNGB13685,,SNL,F,1,0,0,0,0,1,,,,,,,,1,,,,,,,,,,,,,,,
2017/1/15 20:00:00,SITC NJ1,SITSIZH,1701N,CNNGB,CNNGB,JPTYO,JPTYO,QYGYL123,七运供应链,NBWLB1,R16JPNGB13685,,SNL,F,1,0,0,0,0,1,,,,,,,,1,,,,,,,,,,,,,,,
2017/1/15 20:00:00,SITC NJ1,SITSIZH,1701N,CNNGB,CNNGB,JPTYO,JPTYO,SHHZ1906,宁波上海海尊,NBWLB1,R16JPNGB13123,,SNL,F,2,0,0,0,0,2,,,,,,,,2,,,,,,,,,,,,,,,
2017/1/15 20:00:00,SITC NJ1,SITSIZH,1701N,CNNGB,CNNGB,JPYOK,JPYOK,TOPSHIPPING_2,宁波托浦船务,TOPSHIPPING_2,,,SNL,F,0,0,0,1,0,2,,,1,,,,,,,,,,,,,,,,,,,,
2017/1/15 20:00:00,SITC NJ1,SITSIZH,1701N,CNNGB,CNNGB,JPTYO,JPTYO,WANGZJ,宁波泛洋,WANGZJ,,,SNL,F,1,1,0,0,0,3,,,,,,,,1,1,,,,,,,,,,,,,,
2017/1/15 20:00:00,SITC NJ1,SITSIZH,1701N,CNNGB,CNNGB,JPTYO,JPTYO,WDXHXYB1,宁波外代新华箱运部,WDXHXYB1,00204JP17NGBN01,,SNL,F,0,1,0,0,0,2,,,,,,,,,1,,,,,,,,,,,,,,
2017/1/15 20:00:00,SITC NJ1,SITSIZH,1701N,CNNGB,CNNGB,JPTYO,JPTYO,WYFH123,宁波外运泛海,WYFH123,,,SNL,F,0,0,0,1,0,2,,,,,,,,,,1,,,,,,,,,,,,,
2017/1/16 3:00:00,CTI,YMLLOND,071S,CNNGB,CNNGB,IDSRG,IDSRG,JET55004092,浙江简达,JET55004092,,,SNL,F,6,0,0,7,0,20,,,,,,,,6,,7,,,,,,,,,,,,,
2017/1/16 3:00:00,CTI,YMLLOND,071S,CNNGB,CNNGB,IDJKT,IDJKT,JET55004092,浙江简达,JET55004092,,,SNL,F,0,0,0,1,0,2,,,,,,,,,,1,,,,,,,,,,,,,
2017/1/16 3:00:00,CTI,YMLLOND,071S,CNNGB,CNNGB,IDSRG,IDSRG,QYGYL123,七运供应链,NBWLB1,,,SNL,F,4,0,0,1,0,6,,,,,,,,4,,1,,,,,,,,,,,,,
2017/1/16 3:00:00,CTI,YMLLOND,071S,CNNGB,CNNGB,IDSRG,IDSRG,WYFH123,宁波外运泛海,WYFH123,,,SNL,F,1,0,0,3,0,7,,,,,,,,1,,3,,,,,,,,,,,,,
2017/1/18 18:00:00,CHS,SITWICE,1704S,CNNGB,CNNGB,VNHPH,VNHPH,JET55004092,浙江简达,JET55004092,R15VNNGB03563,,SNL,F,18,1,0,4,0,28,,,,,,,,18,1,4,,,,,,,,,,,,,
2017/1/18 18:00:00,CHS,SITWICE,1704S,CNNGB,CNNGB,VNHPH,VNHPH,JET55004092,浙江简达,JET55004092,,,SNL,F,0,0,0,1,0,2,,,,,,,,,,1,,,,,,,,,,,,,
2017/1/18 18:00:00,CHS,SITWICE,1704S,CNZAP,CNNGB,VNHPH,VNHPH,JXCWDL,嘉兴外运,JXCWDL,,,SNL,F,3,0,0,0,0,3,,,,,,,,3,,,,,,,,,,,,,,,
2017/1/18 18:00:00,CHS,SITWICE,1704S,CNNGB,CNNGB,VNHPH,VNHPH,QYGYL123,七运供应链,NBWLB1,R16VNNGB13761,,SNL,F,8,0,0,8,0,24,,,,,,,,8,,8,,,,,,,,,,,,,
2017/1/18 18:00:00,CHS,SITWICE,1704S,CNNGB,CNNGB,VNHPH,VNHPH,WYFH123,宁波外运泛海,WYFH123,R15VNNGB03565,,SNL,F,1,0,0,5,0,11,,,,,,,,1,,5,,,,,,,,,,,,,
2017/1/18 8:00:00,CPF,WHLHARG,S062,CNNGB,CNNGB,PHMNS,PHMNS,JET55004092,浙江简达,JET55004092,R15PHNGB03541,,SNL,F,2,0,0,17,0,36,,,,,,,,2,,17,,,,,,,,,,,,,
2017/1/18 8:00:00,CPF,WHLHARG,S062,CNNGB,CNNGB,PHMNL,PHMNL,JET55004092,浙江简达,JET55004092,R15PHNGB03541,,SNL,F,3,0,0,12,0,27,,,,,,,,3,,12,,,,,,,,,,,,,
2017/1/18 8:00:00,CPF,WHLHARG,S062,CNZAP,CNNGB,PHMNL,PHMNL,JXCWDL,嘉兴外运,JXCWDL,,,SNL,F,2,0,0,0,0,2,,,,,,,,2,,,,,,,,,,,,,,,
2017/1/18 8:00:00,CPF,WHLHARG,S062,CNZAP,CNNGB,PHMNS,PHMNS,JXCWDL,嘉兴外运,JXCWDL,,,SNL,F,1,0,0,0,0,1,,,,,,,,1,,,,,,,,,,,,,,,
2017/1/18 8:00:00,CPF,WHLHARG,S062,CNNGB,CNNGB,PHMNL,PHMNL,QYGYL123,七运供应链,NBWLB1,R16PHNGB13751,,SNL,F,1,0,0,20,0,41,,,,,,,,1,,20,,,,,,,,,,,,,
2017/1/18 8:00:00,CPF,WHLHARG,S062,CNNGB,CNNGB,PHMNS,PHMNS,QYGYL123,七运供应链,NBWLB1,R16PHNGB13751,,SNL,F,0,0,0,19,0,38,,,,,,,,,,19,,,,,,,,,,,,,
2017/1/18 8:00:00,CPF,WHLHARG,S062,CNNGB,CNNGB,PHMNS,PHMNS,WYFH123,宁波外运泛海,WYFH123,R15PHNGB03561,,SNL,F,2,0,0,5,0,12,,,,,,,,2,,5,,,,,,,,,,,,,
2017/1/18 8:00:00,CPF,WHLHARG,S062,CNNGB,CNNGB,PHMNL,PHMNL,WYFH123,宁波外运泛海,WYFH123,R15PHNGB03561,,SNL,F,0,5,0,13,0,36,,,,,,,,,5,13,,,,,,,,,,,,,
2017/1/18 8:00:00,CPF,WHLHARG,S062,CNNGB,CNNGB,PHMNL,PHMNL,YAXYNB,宁波亚细亚,NBWLB1,,,SNL,F,1,3,0,20,0,47,,,,,,,,1,3,20,,,,,,,,,,,,,
2017/1/18 8:00:00,CPF,WHLHARG,S062,CNNGB,CNNGB,PHMNS,PHMNS,YAXYNB,宁波亚细亚,NBWLB1,,,SNL,F,0,0,0,15,0,30,,,,,,,,,,15,,,,,,,,,,,,,
2017/1/19 7:00:00,NEAX,YMLITRA,084S,CNNGB,CNNGB,AUSYD,AUSYD,JET55004092,浙江简达,JET55004092,R15AUNGB03570,,SNL,F,5,0,0,2,0,9,,,,,,,,5,,2,,,,,,,,,,,,,
2017/1/19 7:00:00,NEAX,YMLITRA,084S,CNNGB,CNNGB,AUMEL,AUMEL,JET55004092,浙江简达,JET55004092,R15AUNGB03570,,SNL,F,2,0,0,0,0,2,,,,,,,,2,,,,,,,,,,,,,,,
2017/1/19 7:00:00,NEAX,YMLITRA,084S,CNNGB,CNNGB,AUBNE,AUBNE,JET55004092,浙江简达,JET55004092,R15AUNGB03570,,SNL,F,1,0,0,1,0,3,,,,,,,,1,,1,,,,,,,,,,,,,
2017/1/19 7:00:00,NEAX,YMLITRA,084S,CNNGB,CNNGB,AUMEL,AUMEL,QYGYL123,七运供应链,NBWLB1,R16AUNGB13747,,SNL,F,1,0,0,2,0,5,,,,,,,,1,,2,,,,,,,,,,,,,
2017/1/19 7:00:00,NEAX,YMLITRA,084S,CNNGB,CNNGB,AUSYD,AUSYD,QYGYL123,七运供应链,NBWLB1,,,SNL,F,1,0,0,0,0,1,1,,,,,,,,,,,,,,,,,,,,,,
2017/1/19 7:00:00,NEAX,YMLITRA,084S,CNNGB,CNNGB,AUSYD,AUSYD,QYGYL123,七运供应链,NBWLB1,R16AUNGB13747,,SNL,F,1,0,0,0,0,1,,,,,,,,1,,,,,,,,,,,,,,,
2017/1/19 7:00:00,NEAX,YMLITRA,084S,CNNGB,CNNGB,AUMEL,AUMEL,QYGYL123,七运供应链,NBWLB1,,,SNL,F,1,0,0,0,0,1,1,,,,,,,,,,,,,,,,,,,,,,
2017/1/19 7:00:00,NEAX,YMLITRA,084S,CNNGB,CNNGB,AUMEL,AUMEL,WYFH123,宁波外运泛海,WYFH123,R15AUNGB03569,,SNL,F,2,0,0,6,0,14,,,,,,,,2,,6,,,,,,,,,,,,,
2017/1/19 7:00:00,NEAX,YMLITRA,084S,CNNGB,CNNGB,AUBNE,AUBNE,WYFH123,宁波外运泛海,WYFH123,R15AUNGB03569,,SNL,F,0,0,0,1,0,2,,,,,,,,,,1,,,,,,,,,,,,,
2017/1/2 3:00:00,CTI,YMLOLIA,006S,CNNGB,CNNGB,IDSRG,IDSRG,JET55004092,浙江简达,JET55004092,,,SNL,F,6,1,0,8,0,24,,,,,,,,6,1,8,,,,,,,,,,,,,
2017/1/2 3:00:00,CTI,YMLOLIA,006S,CNNGB,CNNGB,IDJKT,IDJKT,JET55004092,浙江简达,JET55004092,,,SNL,F,0,1,0,0,0,2,,,,,,,,,1,,,,,,,,,,,,,,
2017/1/2 3:00:00,CTI,YMLOLIA,006S,CNNGB,CNNGB,IDSRG,IDSRG,QYGYL123,七运供应链,NBWLB1,,,SNL,F,0,0,0,5,0,10,,,,,,,,,,5,,,,,,,,,,,,,
2017/1/2 3:00:00,CTI,YMLOLIA,006S,CNNGB,CNNGB,IDSRG,IDSRG,WYFH123,宁波外运泛海,WYFH123,,,SNL,F,1,0,0,3,0,7,,,,,,,,1,,3,,,,,,,,,,,,,
2017/1/21 10:00:00,CAT,TSLRHIA,1701S,CNNGB,CNNGB,AUSYD,AUSYD,JET55004092,浙江简达,JET55004092,R15AUNGB03570,,SNL,F,6,1,0,5,0,18,,,,,,,,6,1,5,,,,,,,,,,,,,
2017/1/21 10:00:00,CAT,TSLRHIA,1701S,CNNGB,CNNGB,AUMEL,AUMEL,JET55004092,浙江简达,JET55004092,R15AUNGB03570,,SNL,F,3,2,0,3,0,13,,,,,,,,3,2,3,,,,,,,,,,,,,
2017/1/21 10:00:00,CAT,TSLRHIA,1701S,CNNGB,CNNGB,AUBNE,AUBNE,JET55004092,浙江简达,JET55004092,R15AUNGB03570,,SNL,F,2,0,0,0,0,2,,,,,,,,2,,,,,,,,,,,,,,,
2017/1/21 10:00:00,CAT,TSLRHIA,1701S,CNNGB,CNNGB,AUMEL,AUMEL,QYGYL123,七运供应链,NBWLB1,R16AUNGB13747,,SNL,F,0,0,0,4,0,8,,,,,,,,,,4,,,,,,,,,,,,,
2017/1/21 10:00:00,CAT,TSLRHIA,1701S,CNNGB,CNNGB,AUSYD,AUSYD,QYGYL123,七运供应链,NBWLB1,R16AUNGB13747,,SNL,F,4,1,0,3,0,12,,,,,,,,4,1,3,,,,,,,,,,,,,
2017/1/21 10:00:00,CAT,TSLRHIA,1701S,CNNGB,CNNGB,AUBNE,AUBNE,QYGYL123,七运供应链,NBWLB1,R16AUNGB13747,,SNL,F,0,0,0,1,0,2,,,,,,,,,,1,,,,,,,,,,,,,
2017/1/21 10:00:00,CAT,TSLRHIA,1701S,CNNGB,CNNGB,AUMEL,AUMEL,WYFH123,宁波外运泛海,WYFH123,R15AUNGB03569,,SNL,F,2,0,0,1,0,4,,,,,,,,2,,1,,,,,,,,,,,,,
2017/1/21 10:00:00,CAT,TSLRHIA,1701S,CNNGB,CNNGB,AUSYD,AUSYD,WYFH123,宁波外运泛海,WYFH123,R15AUNGB03569,,SNL,F,0,0,0,6,0,12,,,,,,,,,,6,,,,,,,,,,,,,
2017/1/21 16:00:00,SCT,SNLDFFU,1703S,CNNGB,CNNGB,TWKEL,TWKEL,GXCW123,宁波港兴,GXCW123,,,SNL,F,0,0,0,1,0,2,,,,,,,,,,1,,,,,,,,,,,,,
2017/1/21 16:00:00,SCT,SNLDFFU,1703S,CNNGB,CNNGB,TWTXG,TWTXG,JET55004092,浙江简达,JET55004092,,,SNL,F,2,0,0,1,0,4,,,,,,,,2,,1,,,,,,,,,,,,,
2017/1/21 16:00:00,SCT,SNLDFFU,1703S,CNNGB,CNNGB,TWKHH,TWKHH,JET55004092,浙江简达,JET55004092,,,SNL,F,3,1,0,6,0,17,,,,,,,,3,1,6,,,,,,,,,,,,,
2017/1/21 16:00:00,SCT,SNLDFFU,1703S,CNNGB,CNNGB,TWKEL,TWKEL,JET55004092,浙江简达,JET55004092,,,SNL,F,4,0,0,0,0,4,,,,,,,,4,,,,,,,,,,,,,,,
2017/1/21 16:00:00,SCT,SNLDFFU,1703S,CNNGB,CNNGB,TWKEL,TWKEL,LFGYLNB,宁波利丰,LFGYLNB,,,SNL,F,2,2,0,0,0,6,,,,,,,,2,2,,,,,,,,,,,,,,
2017/1/21 16:00:00,SCT,SNLDFFU,1703S,CNNGB,CNNGB,TWTXG,TWTXG,LFGYLNB,宁波利丰,LFGYLNB,,,SNL,F,1,0,0,0,0,1,,,,,,,,1,,,,,,,,,,,,,,,
2017/1/21 16:00:00,SCT,SNLDFFU,1703S,CNNGB,CNNGB,TWKHH,TWKHH,LFGYLNB,宁波利丰,LFGYLNB,,,SNL,F,1,0,0,0,0,1,,,,,,,,1,,,,,,,,,,,,,,,
2017/1/21 16:00:00,SCT,SNLDFFU,1703S,CNNGB,CNNGB,TWKHH,TWKHH,NBHGWL,宁波外运海港,NBHGWL,,,SNL,F,0,1,0,0,0,2,,,,,,,,,1,,,,,,,,,,,,,,
2017/1/21 16:00:00,SCT,SNLDFFU,1703S,CNNGB,CNNGB,TWKEL,TWKEL,NBHJ888,宁波豪捷,NBWLB1,,,SNL,F,0,0,0,1,0,2,,,,,,,,,,1,,,,,,,,,,,,,
2017/1/21 16:00:00,SCT,SNLDFFU,1703S,CNNGB,CNNGB,TWTXG,TWTXG,NBKAIYUAN,宁波开源,NBWLB1,,,SNL,F,0,1,0,0,0,2,,,,,,,,,1,,,,,,,,,,,,,,
2017/1/21 16:00:00,SCT,SNLDFFU,1703S,CNNGB,CNNGB,TWKHH,TWKHH,NBKAIYUAN,宁波开源,NBWLB1,,,SNL,F,1,0,0,0,0,1,,,,,,,,1,,,,,,,,,,,,,,,
2017/1/21 16:00:00,SCT,SNLDFFU,1703S,CNNGB,CNNGB,TWTXG,TWTXG,NBZHHD,宁波哲辉,NBWLB1,,,SNL,F,3,1,0,2,0,9,,,,,,,,3,1,2,,,,,,,,,,,,,
2017/1/21 16:00:00,SCT,SNLDFFU,1703S,CNNGB,CNNGB,TWKEL,TWKEL,NBZHHD,宁波哲辉,NBWLB1,,,SNL,F,1,0,0,1,0,3,,,1,,,,,1,,,,,,,,,,,,,,,
2017/1/21 16:00:00,SCT,SNLDFFU,1703S,CNNGB,CNNGB,TWKHH,TWKHH,NBZHHD,宁波哲辉,NBWLB1,,,SNL,F,1,0,0,1,0,3,,,,,,,,1,,1,,,,,,,,,,,,,
2017/1/21 16:00:00,SCT,SNLDFFU,1703S,CNNGB,CNNGB,TWKEL,TWKEL,NPSEL1218,宁波东南物流,NPSEL1218,,,SNL,F,1,1,0,1,0,5,,,,,,,,1,1,1,,,,,,,,,,,,,
2017/1/21 16:00:00,SCT,SNLDFFU,1703S,CNNGB,CNNGB,TWKHH,TWKHH,NPSEL1218,宁波东南物流,NPSEL1218,,,SNL,F,1,0,0,1,0,3,,,,,,,,1,,1,,,,,,,,,,,,,
2017/1/21 16:00:00,SCT,SNLDFFU,1703S,CNNGB,CNNGB,TWKEL,TWKEL,PHYTNB,宁波沛华运通,NBWLB1,,,SNL,F,0,0,0,4,0,8,,,,,,,,,,4,,,,,,,,,,,,,
2017/1/21 16:00:00,SCT,SNLDFFU,1703S,CNNGB,CNNGB,TWKHH,TWKHH,QYGYL123,七运供应链,NBWLB1,,,SNL,F,1,0,0,0,0,1,,,,,,,,1,,,,,,,,,,,,,,,
2017/1/21 16:00:00,SCT,SNLDFFU,1703S,CNNGB,CNNGB,TWKEL,TWKEL,TOPSHIPPING_2,宁波托浦船务,TOPSHIPPING_2,,,SNL,F,1,0,0,0,0,1,,,,,,,,1,,,,,,,,,,,,,,,
2017/1/21 16:00:00,SCT,SNLDFFU,1703S,CNNGB,CNNGB,TWKHH,TWKHH,TOPSHIPPING_2,宁波托浦船务,TOPSHIPPING_2,,,SNL,F,1,0,0,0,0,1,,,,,,,,1,,,,,,,,,,,,,,,
2017/1/21 16:00:00,SCT,SNLDFFU,1703S,CNNGB,CNNGB,TWKEL,TWKEL,WYFH123,宁波外运泛海,WYFH123,,,SNL,F,0,1,0,0,0,2,,,,,,,,,1,,,,,,,,,,,,,,
2017/1/21 16:00:00,SCT,SNLDFFU,1703S,CNNGB,CNNGB,TWTXG,TWTXG,WYHYFGS,宁波外运海运,WYHYFGS,,,SNL,F,0,0,0,14,0,28,,,,,,,,,,14,,,,,,,,,,,,,
2017/1/21 16:00:00,SCT,SNLDFFU,1703S,CNNGB,CNNGB,TWKEL,TWKEL,WYHYFGS,宁波外运海运,WYHYFGS,,,SNL,F,1,0,0,0,0,1,,,,,,,,1,,,,,,,,,,,,,,,
2017/1/21 16:00:00,SCT,SNLDFFU,1703S,CNNGB,CNNGB,TWKHH,TWKHH,WYHYFGS,宁波外运海运,WYHYFGS,,,SNL,F,1,0,0,0,0,1,,,,,,,,1,,,,,,,,,,,,,,,
2017/1/21 16:00:00,SCT,SNLDFFU,1703S,CNNGB,CNNGB,TWKHH,TWKHH,ZJBTGJ,浙江邦泰,ZJBTGJ,00026TW17NGBD01,,SNL,F,1,0,0,11,0,23,,,,,,,,1,,11,,,,,,,,,,,,,
2017/1/21 16:00:00,SCT,SNLDFFU,1703S,CNNGB,CNNGB,TWTXG,TWTXG,ZJWKWL,宁波五矿物流,ZJWKWL,,,SNL,F,0,0,0,1,0,2,,,,,,,,,,1,,,,,,,,,,,,,
2017/1/21 16:00:00,SCT,SNLDFFU,1703S,CNNGB,CNNGB,TWKEL,TWKEL,ZJWKWL,宁波五矿物流,ZJWKWL,,,SNL,F,0,0,0,2,0,4,,,,,,,,,,2,,,,,,,,,,,,,
2017/1/21 16:00:00,SCT,SNLDFFU,1703S,CNNGB,CNNGB,TWKEL,TWKEL,ZOSCONB,浙远宁波物流,ZOSCONB,,,SNL,F,2,0,0,0,0,2,,,,,,,,2,,,,,,,,,,,,,,,
2017/1/21 16:00:00,SCT,SNLDFFU,1703S,CNNGB,CNNGB,TWTXG,TWTXG,ZOSCONB,浙远宁波物流,ZOSCONB,,,SNL,F,9,0,0,1,0,11,,,,,,,,9,,1,,,,,,,,,,,,,
2017/1/21 16:00:00,SCT,SNLDFFU,1703S,CNNGB,CNNGB,TWKHH,TWKHH,ZOSCONB,浙远宁波物流,ZOSCONB,,,SNL,F,0,0,0,3,0,6,,,,,,,,,,3,,,,,,,,,,,,,
2017/1/21 6:00:00,EASNSP,EASSIAI,1704E,CNNGB,CNNGB,KRPUS,KRPUS,JET55004092,浙江简达,JET55004092,,,SNL,F,3,0,0,1,0,5,,,,,,,,3,,1,,,,,,,,,,,,,
2017/1/21 6:00:00,EASNSP,EASSIAI,1704E,CNNGB,CNNGB,KRPUS,KRPUS,NBZHHD,宁波哲辉,NBWLB1,,,SOC,F,0,0,0,4,0,8,,,4,,,,,,,,,,,,,,,,,,,,
2017/1/21 6:00:00,EASNSP,EASSIAI,1704E,CNNGB,CNNGB,KRPUS,KRPUS,QYGYL123,七运供应链,NBWLB1,,,SNL,F,1,0,0,0,0,1,,,,,,,,1,,,,,,,,,,,,,,,
2017/1/21 9:00:00,SITC NA1,SITSINH,1703N,CNNGB,CNNGB,JPOSA,JPOSA,JET55004092,浙江简达,JET55004092,,,SNL,F,1,0,0,0,0,1,,,,,,,,1,,,,,,,,,,,,,,,
2017/1/21 9:00:00,SITC NA1,SITSINH,1703N,CNNGB,CNNGB,JPUKB,JPUKB,NBCNTR,外运箱运,NBCNTR,00176JP16NGBD02,,SNL,F,2,3,0,3,0,14,,,,,,,,2,3,3,,,,,,,,,,,,,
2017/1/21 9:00:00,SITC NA1,SITSINH,1703N,CNNGB,CNNGB,JPUKB,JPUKB,NBCNTR,外运箱运,NBCNTR,00055JP16NGBN01,,SNL,F,0,0,0,1,0,2,,,,,,,,,,1,,,,,,,,,,,,,
2017/1/21 9:00:00,SITC NA1,SITSINH,1703N,CNNGB,CNNGB,JPOSA,JPOSA,NBCNTR,外运箱运,NBCNTR,,,SNL,F,1,0,0,1,0,3,,,,,,,,1,,1,,,,,,,,,,,,,
2017/1/21 9:00:00,SITC NA1,SITSINH,1703N,CNNGB,CNNGB,JPOSA,JPOSA,NBHGWL,宁波外运海港,NBHGWL,R17JPNGB14081,,SNL,F,0,0,0,1,0,2,,,1,,,,,,,,,,,,,,,,,,,,
2017/1/21 9:00:00,SITC NA1,SITSINH,1703N,CNNGB,CNNGB,JPUKB,JPUKB,NBHGWL,宁波外运海港,NBHGWL,R17JPNGB14081,,SNL,F,0,0,0,2,0,4,,,2,,,,,,,,,,,,,,,,,,,,
2017/1/21 9:00:00,SITC NA1,SITSINH,1703N,CNNGB,CNNGB,JPOSA,JPOSA,NBHJ888,宁波豪捷,NBWLB1,,,SNL,F,2,0,0,1,0,4,,,,,,,,2,,1,,,,,,,,,,,,,
2017/1/21 9:00:00,SITC NA1,SITSINH,1703N,CNNGB,CNNGB,JPUKB,JPUKB,NPSEL1218,宁波东南物流,NPSEL1218,00206JP16NGBD01,,SNL,F,0,0,0,2,0,4,,,,,,,,,,2,,,,,,,,,,,,,
2017/1/21 9:00:00,SITC NA1,SITSINH,1703N,CNNGB,CNNGB,JPOSA,JPOSA,NPSEL1218,宁波东南物流,NPSEL1218,,,SNL,F,1,0,0,0,0,1,1,,,,,,,,,,,,,,,,,,,,,,
2017/1/21 9:00:00,SITC NA1,SITSINH,1703N,CNNGB,CNNGB,JPOSA,JPOSA,NPSEL1218,宁波东南物流,NPSEL1218,00206JP16NGBD01,,SNL,F,6,0,0,0,0,6,,,,,,,,6,,,,,,,,,,,,,,,
2017/1/21 9:00:00,SITC NA1,SITSINH,1703N,CNNGB,CNNGB,JPOSA,JPOSA,PAF1,宁波中远物流,PAF1,,,SNL,F,1,0,0,0,0,1,,,,,,,,1,,,,,,,,,,,,,,,
2017/1/21 9:00:00,SITC NA1,SITSINH,1703N,CNNGB,CNNGB,JPOSA,JPOSA,PHYTNB,宁波沛华运通,NBWLB1,,,SNL,F,1,0,0,0,0,1,,,,,,,,1,,,,,,,,,,,,,,,
2017/1/21 9:00:00,SITC NA1,SITSINH,1703N,CNNGB,CNNGB,JPOSA,JPOSA,QYGYL123,七运供应链,NBWLB1,,,SNL,F,1,0,0,0,0,1,,,,,,,,1,,,,,,,,,,,,,,,
2017/1/21 9:00:00,SITC NA1,SITSINH,1703N,CNNGB,CNNGB,JPUKB,JPUKB,QYGYL123,七运供应链,NBWLB1,,,SNL,F,1,0,0,0,0,1,,,,,,,,1,,,,,,,,,,,,,,,
2017/1/21 9:00:00,SITC NA1,SITSINH,1703N,CNNGB,CNNGB,JPUKB,JPUKB,TOPSHIPPING_2,宁波托浦船务,TOPSHIPPING_2,,,SNL,F,1,0,0,0,0,1,,,,,,,,1,,,,,,,,,,,,,,,
2017/1/21 9:00:00,SITC NA1,SITSINH,1703N,CNNGB,CNNGB,JPOSA,JPOSA,WYHYFGS,宁波外运海运,WYHYFGS,,,SNL,F,2,0,0,0,0,2,,,,,,,,2,,,,,,,,,,,,,,,
2017/1/22 10:00:00,CPS,SITRHIA,1702S,CNNGB,CNNGB,PHMNL,PHMNL,JET55004092,浙江简达,JET55004092,R15PHNGB03541,,SNL,F,4,0,0,12,0,28,,,,,,,,4,,12,,,,,,,,,,,,,
2017/1/22 10:00:00,CPS,SITRHIA,1702S,CNNGB,CNNGB,PHMNS,PHMNS,JET55004092,浙江简达,JET55004092,R15PHNGB03541,,SNL,F,6,0,0,12,0,30,,,,,,,,6,,12,,,,,,,,,,,,,
2017/1/22 10:00:00,CPS,SITRHIA,1702S,CNNGB,CNNGB,PHMNL,PHMNL,JET55004092,浙江简达,JET55004092,,,SNL,F,0,0,0,1,0,2,,,1,,,,,,,,,,,,,,,,,,,,
2017/1/22 10:00:00,CPS,SITRHIA,1702S,CNNGB,CNNGB,PHMNS,PHMNS,NBMHWL,宁波美航物流,NBWLB1,,,SNL,F,0,1,0,0,0,2,,,,,,,,,1,,,,,,,,,,,,,,
2017/1/22 10:00:00,CPS,SITRHIA,1702S,CNNGB,CNNGB,PHMNL,PHMNL,QYGYL123,七运供应链,NBWLB1,R16PHNGB13751,,SNL,F,1,3,0,26,0,59,,,,,,,,1,3,26,,,,,,,,,,,,,
2017/1/22 10:00:00,CPS,SITRHIA,1702S,CNNGB,CNNGB,PHMNS,PHMNS,QYGYL123,七运供应链,NBWLB1,R16PHNGB13751,,SNL,F,4,2,0,15,0,38,,,,,,,,4,2,15,,,,,,,,,,,,,
2017/1/22 10:00:00,CPS,SITRHIA,1702S,CNNGB,CNNGB,PHMNL,PHMNL,WYFH123,宁波外运泛海,WYFH123,R15PHNGB03561,,SNL,F,3,4,0,13,0,37,,,,,,,,3,4,13,,,,,,,,,,,,,
2017/1/22 10:00:00,CPS,SITRHIA,1702S,CNNGB,CNNGB,PHMNS,PHMNS,WYFH123,宁波外运泛海,WYFH123,R15PHNGB03561,,SNL,F,4,0,0,9,0,22,,,,,,,,4,,9,,,,,,,,,,,,,
2017/1/22 10:00:00,CPS,SITRHIA,1702S,CNNGB,CNNGB,PHMNS,PHMNS,YAXYNB,宁波亚细亚,NBWLB1,,,SNL,F,3,1,0,12,0,29,,,,,,,,3,1,12,,,,,,,,,,,,,
2017/1/22 10:00:00,CPS,SITRHIA,1702S,CNNGB,CNNGB,PHMNL,PHMNL,YAXYNB,宁波亚细亚,NBWLB1,,,SNL,F,3,1,0,52,0,109,,,,,,,,3,1,52,,,,,,,,,,,,,
2017/1/22 10:00:00,CPS,SITRHIA,1702S,CNNGB,CNNGB,PHMNS,PHMNS,ZWYMZ1,宁波中外运明州,ZWYMZ1,,,SNL,F,1,0,0,0,0,1,,,,,,,,1,,,,,,,,,,,,,,,
2017/1/22 2:00:00,PAN NKT1,PANXIOU,100E,CNNGB,CNNGB,JPTYO,JPTYO,JET55004092,浙江简达,JET55004092,,,SNL,F,2,0,0,0,0,2,,,,,,,,2,,,,,,,,,,,,,,,
2017/1/22 2:00:00,PAN NKT1,PANXIOU,100E,CNNGB,CNNGB,JPYOK,JPYOK,LFGYLNB,宁波利丰,LFGYLNB,,,SNL,F,2,0,0,0,0,2,,,,,,,,2,,,,,,,,,,,,,,,
2017/1/22 2:00:00,PAN NKT1,PANXIOU,100E,CNNGB,CNNGB,JPTYO,JPTYO,LFGYLNB,宁波利丰,LFGYLNB,,,SNL,F,2,2,0,0,0,6,,,,,,,,2,2,,,,,,,,,,,,,,
2017/1/22 2:00:00,PAN NKT1,PANXIOU,100E,CNNGB,CNNGB,JPTYO,JPTYO,NBCNTR,外运箱运,NBCNTR,00176JP16NGBD02,,SNL,F,3,5,0,6,0,25,,,,,,,,3,5,6,,,,,,,,,,,,,
2017/1/22 2:00:00,PAN NKT1,PANXIOU,100E,CNNGB,CNNGB,JPTYO,JPTYO,NBCNTR,外运箱运,NBCNTR,R16JPNGB13687,,SNL,F,1,0,0,3,0,7,,,,,,,,1,,3,,,,,,,,,,,,,
2017/1/22 2:00:00,PAN NKT1,PANXIOU,100E,CNNGB,CNNGB,JPTYO,JPTYO,NBCNTR,外运箱运,NBCNTR,00118JP16HQLD10,,SNL,F,2,2,0,1,0,8,,,,,,,,2,2,1,,,,,,,,,,,,,
2017/1/22 2:00:00,PAN NKT1,PANXIOU,100E,CNNGB,CNNGB,JPTYO,JPTYO,NBCNTR,外运箱运,NBCNTR,00215JP16NGBN01,,SNL,F,1,0,0,2,0,5,,,,,,,,1,,2,,,,,,,,,,,,,
2017/1/22 2:00:00,PAN NKT1,PANXIOU,100E,CNNGB,CNNGB,JPTYO,JPTYO,NBCNTR,外运箱运,NBCNTR,00118JP16HQLN10,,SNL,F,1,0,0,1,0,3,,,,,,,,1,,1,,,,,,,,,,,,,
2017/1/22 2:00:00,PAN NKT1,PANXIOU,100E,CNNGB,CNNGB,JPYOK,JPYOK,NBHGWL,宁波外运海港,NBHGWL,R17JPNGB14081,,SNL,F,0,0,0,2,0,4,,,2,,,,,,,,,,,,,,,,,,,,
2017/1/22 2:00:00,PAN NKT1,PANXIOU,100E,CNNGB,CNNGB,JPTYO,JPTYO,NBHGWL,宁波外运海港,NBHGWL,R17JPNGB14081,,SNL,F,0,0,0,1,0,2,,,1,,,,,,,,,,,,,,,,,,,,
2017/1/22 2:00:00,PAN NKT1,PANXIOU,100E,CNNGB,CNNGB,JPTYO,JPTYO,NBHGWL,宁波外运海港,NBHGWL,R17JPNGB14083,,SNL,F,0,0,0,2,0,4,,,2,,,,,,,,,,,,,,,,,,,,
2017/1/22 2:00:00,PAN NKT1,PANXIOU,100E,CNNGB,CNNGB,JPTYO,JPTYO,NBHJ888,宁波豪捷,NBWLB1,,,SNL,F,1,0,0,1,0,3,,,,,,,,1,,1,,,,,,,,,,,,,
2017/1/22 2:00:00,PAN NKT1,PANXIOU,100E,CNNGB,CNNGB,JPTYO,JPTYO,NINGBOJIASHEN,宁波上海甲申,NBWLB1,00165JP16NGBN10,,SNL,F,0,0,0,2,0,4,,,,,,,,,,2,,,,,,,,,,,,,
2017/1/22 2:00:00,PAN NKT1,PANXIOU,100E,CNNGB,CNNGB,JPTYO,JPTYO,NPSEL1218,宁波东南物流,NPSEL1218,00206JP16NGBD01,,SNL,F,1,0,0,0,0,1,,,,,,,,1,,,,,,,,,,,,,,,
2017/1/22 2:00:00,PAN NKT1,PANXIOU,100E,CNNGB,CNNGB,JPTYO,JPTYO,NPSEL1218,宁波东南物流,NPSEL1218,,,SNL,F,1,0,0,4,0,9,,,,,,,,1,,4,,,,,,,,,,,,,
2017/1/22 2:00:00,PAN NKT1,PANXIOU,100E,CNNGB,CNNGB,JPTYO,JPTYO,PAF1,宁波中远物流,PAF1,00030JP17NGBN01,,SNL,F,4,0,0,0,0,4,,,,,,,,4,,,,,,,,,,,,,,,
2017/1/22 2:00:00,PAN NKT1,PANXIOU,100E,CNNGB,CNNGB,JPTYO,JPTYO,PAF1,宁波中远物流,PAF1,,,SNL,F,1,0,0,0,0,1,,,,,,,,1,,,,,,,,,,,,,,,
2017/1/22 2:00:00,PAN NKT1,PANXIOU,100E,CNNGB,CNNGB,JPTYO,JPTYO,PHYTNB,宁波沛华运通,NBWLB1,,,SNL,F,1,0,0,0,0,1,,,,,,,,1,,,,,,,,,,,,,,,
2017/1/22 2:00:00,PAN NKT1,PANXIOU,100E,CNNGB,CNNGB,JPYOK,JPYOK,QYGYL123,七运供应链,NBWLB1,,,SNL,F,2,0,0,0,0,2,,,,,,,,2,,,,,,,,,,,,,,,
2017/1/22 2:00:00,PAN NKT1,PANXIOU,100E,CNNGB,CNNGB,JPTYO,JPTYO,QYGYL123,七运供应链,NBWLB1,R16JPNGB13685,,SNL,F,0,1,0,0,0,2,,,,,,,,,1,,,,,,,,,,,,,,
2017/1/22 2:00:00,PAN NKT1,PANXIOU,100E,CNNGB,CNNGB,JPYOK,JPYOK,QYGYL123,七运供应链,NBWLB1,R16JPNGB13686,,SNL,F,1,0,0,0,0,1,,,,,,,,1,,,,,,,,,,,,,,,
2017/1/22 2:00:00,PAN NKT1,PANXIOU,100E,CNNGB,CNNGB,JPTYO,JPTYO,QYGYL123,七运供应链,NBWLB1,,,SNL,F,1,0,0,0,0,1,,,,,,,,1,,,,,,,,,,,,,,,
2017/1/22 2:00:00,PAN NKT1,PANXIOU,100E,CNNGB,CNNGB,JPTYO,JPTYO,QYGYL123,七运供应链,NBWLB1,R16JPNGB13686,,SNL,F,0,0,0,1,0,2,,,,,,,,,,1,,,,,,,,,,,,,
2017/1/22 2:00:00,PAN NKT1,PANXIOU,100E,CNNGB,CNNGB,JPTYO,JPTYO,SHHZ1906,宁波上海海尊,NBWLB1,R16JPNGB13123,,SNL,F,3,0,0,0,0,3,,,,,,,,3,,,,,,,,,,,,,,,
2017/1/22 2:00:00,PAN NKT1,PANXIOU,100E,CNNGB,CNNGB,JPYOK,JPYOK,TOPSHIPPING_2,宁波托浦船务,TOPSHIPPING_2,,,SNL,F,2,0,0,0,0,2,,,,,,,,2,,,,,,,,,,,,,,,
2017/1/22 2:00:00,PAN NKT1,PANXIOU,100E,CNNGB,CNNGB,JPTYO,JPTYO,TOPSHIPPING_2,宁波托浦船务,TOPSHIPPING_2,,,SNL,F,3,0,0,0,0,3,,,,,,,,3,,,,,,,,,,,,,,,
2017/1/22 2:00:00,PAN NKT1,PANXIOU,100E,CNNGB,CNNGB,JPTYO,JPTYO,WANGZJ,宁波泛洋,WANGZJ,,,SNL,F,1,0,0,0,0,1,,,,,,,,1,,,,,,,,,,,,,,,
2017/1/22 2:00:00,PAN NKT1,PANXIOU,100E,CNNGB,CNNGB,JPTYO,JPTYO,WANGZJ,宁波泛洋,WANGZJ,00070JP16NGBN02,,SNL,F,1,4,0,2,0,13,,,,,,,,1,4,2,,,,,,,,,,,,,
2017/1/22 2:00:00,PAN NKT1,PANXIOU,100E,CNNGB,CNNGB,JPTYO,JPTYO,WDXHXYB1,宁波外代新华箱运部,WDXHXYB1,00204JP17NGBN01,,SNL,F,3,1,0,1,0,7,,,,,,,,3,1,1,,,,,,,,,,,,,
2017/1/22 2:00:00,PAN NKT1,PANXIOU,100E,CNNGB,CNNGB,JPTYO,JPTYO,WYHYFGS,宁波外运海运,WYHYFGS,00098JP16NGBN01,,SNL,F,1,0,0,0,0,1,,,,,,,,1,,,,,,,,,,,,,,,
2017/1/22 2:00:00,PAN NKT1,PANXIOU,100E,CNNGB,CNNGB,JPTYO,JPTYO,WYHYFGS,宁波外运海运,WYHYFGS,,,SNL,F,1,0,0,0,0,1,,,,,,,,1,,,,,,,,,,,,,,,
2017/1/22 2:00:00,PAN NKT1,PANXIOU,100E,CNNGB,CNNGB,JPYOK,JPYOK,WYHYFGS,宁波外运海运,WYHYFGS,00098JP16NGBN01,,SNL,F,1,0,0,0,0,1,,,,,,,,1,,,,,,,,,,,,,,,
2017/1/22 20:00:00,SITC NJ1,SITSIAO,1701N,CNNGB,CNNGB,JPNGO,JPNGO,JET55004092,浙江简达,JET55004092,,,SNL,F,0,0,0,1,0,2,,,,,,,,,,1,,,,,,,,,,,,,
2017/1/22 20:00:00,SITC NJ1,SITSIAO,1701N,CNZAP,CNNGB,JPTYO,JPTYO,JXCWDL,嘉兴外运,JXCWDL,00290JP17NGBNT1,,SNL,F,0,0,0,3,0,6,,,,,,,,,,3,,,,,,,,,,,,,
2017/1/22 20:00:00,SITC NJ1,SITSIAO,1701N,CNZAP,CNNGB,JPTYO,JPTYO,JXCWDL,嘉兴外运,JXCWDL,,,SNL,F,1,0,0,0,0,1,,,,,,,,1,,,,,,,,,,,,,,,
2017/1/22 20:00:00,SITC NJ1,SITSIAO,1701N,CNNGB,CNNGB,JPNGO,JPNGO,LFGYLNB,宁波利丰,LFGYLNB,,,SNL,F,2,0,0,0,0,2,,,,,,,,2,,,,,,,,,,,,,,,
2017/1/22 20:00:00,SITC NJ1,SITSIAO,1701N,CNNGB,CNNGB,JPNGO,JPNGO,NBCNTR,外运箱运,NBCNTR,00118JP16HQLN10,,SNL,F,2,0,0,2,0,6,,,,,,,,2,,2,,,,,,,,,,,,,
2017/1/22 20:00:00,SITC NJ1,SITSIAO,1701N,CNNGB,CNNGB,JPTYO,JPTYO,NBCNTR,外运箱运,NBCNTR,00118JP16HQLN10,,SNL,F,1,0,0,2,0,5,,,,,,,,1,,2,,,,,,,,,,,,,
2017/1/22 20:00:00,SITC NJ1,SITSIAO,1701N,CNNGB,CNNGB,JPTYO,JPTYO,NBCNTR,外运箱运,NBCNTR,00118JP16HQLD10,,SNL,F,1,1,0,0,0,3,,,,,,,,1,1,,,,,,,,,,,,,,
2017/1/22 20:00:00,SITC NJ1,SITSIAO,1701N,CNNGB,CNNGB,JPNGO,JPNGO,NBCNTR,外运箱运,NBCNTR,,,SOC,F,2,0,0,0,0,2,,,,,,,,,,,2,,,,,,,,,,,,
2017/1/22 20:00:00,SITC NJ1,SITSIAO,1701N,CNNGB,CNNGB,JPNGO,JPNGO,NBCNTR,外运箱运,NBCNTR,,,SNL,F,1,0,0,0,0,1,,,,,,,,1,,,,,,,,,,,,,,,
2017/1/22 20:00:00,SITC NJ1,SITSIAO,1701N,CNNGB,CNNGB,JPTYO,JPTYO,NBCNTR,外运箱运,NBCNTR,00215JP16NGBN01,,SNL,F,0,0,0,1,0,2,,,,,,,,,,1,,,,,,,,,,,,,
2017/1/22 20:00:00,SITC NJ1,SITSIAO,1701N,CNNGB,CNNGB,JPYOK,JPYOK,NBHGWL,宁波外运海港,NBHGWL,R17JPNGB14081,,SNL,F,0,0,0,3,0,6,,,3,,,,,,,,,,,,,,,,,,,,
2017/1/22 20:00:00,SITC NJ1,SITSIAO,1701N,CNNGB,CNNGB,JPYOK,JPYOK,NBHGWL,宁波外运海港,NBHGWL,,,SOC,E,10,0,0,0,0,10,,,,,,,,,,,10,,,,,,,,,,,,
2017/1/22 20:00:00,SITC NJ1,SITSIAO,1701N,CNNGB,CNNGB,JPTYO,JPTYO,NBHGWL,宁波外运海港,NBHGWL,,,SNL,F,1,0,0,0,0,1,1,,,,,,,,,,,,,,,,,,,,,,
2017/1/22 20:00:00,SITC NJ1,SITSIAO,1701N,CNNGB,CNNGB,JPTYO,JPTYO,NBHJ888,宁波豪捷,NBWLB1,,,SNL,F,2,0,0,0,0,2,,,,,,,,2,,,,,,,,,,,,,,,
2017/1/22 20:00:00,SITC NJ1,SITSIAO,1701N,CNNGB,CNNGB,JPTYO,JPTYO,NBZHHD,宁波哲辉,NBWLB1,,,SNL,F,0,0,0,1,0,2,,,1,,,,,,,,,,,,,,,,,,,,
2017/1/22 20:00:00,SITC NJ1,SITSIAO,1701N,CNNGB,CNNGB,JPNGO,JPNGO,NPSEL1218,宁波东南物流,NPSEL1218,00206JP16NGBD01,,SNL,F,0,0,0,1,0,2,,,,,,,,,,1,,,,,,,,,,,,,
2017/1/22 20:00:00,SITC NJ1,SITSIAO,1701N,CNNGB,CNNGB,JPTYO,JPTYO,NPSEL1218,宁波东南物流,NPSEL1218,00206JP16NGBD01,,SNL,F,1,0,0,0,0,1,,,,,,,,1,,,,,,,,,,,,,,,
2017/1/22 20:00:00,SITC NJ1,SITSIAO,1701N,CNNGB,CNNGB,JPNGO,JPNGO,NPSEL1218,宁波东南物流,NPSEL1218,,,SNL,F,2,0,0,1,0,4,,,,,,,,2,,1,,,,,,,,,,,,,
2017/1/22 20:00:00,SITC NJ1,SITSIAO,1701N,CNNGB,CNNGB,JPTYO,JPTYO,NPSEL1218,宁波东南物流,NPSEL1218,,,SNL,F,1,0,0,0,0,1,,,,,,,,1,,,,,,,,,,,,,,,
2017/1/22 20:00:00,SITC NJ1,SITSIAO,1701N,CNNGB,CNNGB,JPTYO,JPTYO,QYGYL123,七运供应链,NBWLB1,R16JPNGB13685,,SNL,F,0,1,0,0,0,2,,,,,,,,,1,,,,,,,,,,,,,,
2017/1/22 20:00:00,SITC NJ1,SITSIAO,1701N,CNNGB,CNNGB,JPTYO,JPTYO,SHHZ1906,宁波上海海尊,NBWLB1,,,SNL,F,1,0,0,0,0,1,,,,,,,,1,,,,,,,,,,,,,,,
2017/1/22 20:00:00,SITC NJ1,SITSIAO,1701N,CNNGB,CNNGB,JPTYO,JPTYO,TOPSHIPPING_2,宁波托浦船务,TOPSHIPPING_2,,,SNL,F,1,0,0,0,0,1,,,,,,,,1,,,,,,,,,,,,,,,
2017/1/22 20:00:00,SITC NJ1,SITSIAO,1701N,CNNGB,CNNGB,JPNGO,JPNGO,TOPSHIPPING_2,宁波托浦船务,TOPSHIPPING_2,,,SNL,F,0,1,0,0,0,2,,,,,,,,,1,,,,,,,,,,,,,,
2017/1/22 20:00:00,SITC NJ1,SITSIAO,1701N,CNNGB,CNNGB,JPYOK,JPYOK,TOPSHIPPING_2,宁波托浦船务,TOPSHIPPING_2,,,SNL,F,0,0,0,1,0,2,,,,,,,,,,1,,,,,,,,,,,,,
2017/1/22 20:00:00,SITC NJ1,SITSIAO,1701N,CNNGB,CNNGB,JPYOK,JPYOK,WANGZJ,宁波泛洋,WANGZJ,,,SNL,F,0,1,0,0,0,2,,,,,,,,,1,,,,,,,,,,,,,,
2017/1/22 20:00:00,SITC NJ1,SITSIAO,1701N,CNNGB,CNNGB,JPTYO,JPTYO,WANGZJ,宁波泛洋,WANGZJ,,,SNL,F,0,2,0,0,0,4,,,,,,,,,2,,,,,,,,,,,,,,
2017/1/22 20:00:00,SITC NJ1,SITSIAO,1701N,CNNGB,CNNGB,JPTYO,JPTYO,WDXHXYB1,宁波外代新华箱运部,WDXHXYB1,00204JP17NGBN01,,SNL,F,0,3,0,1,0,8,,,,,,,,,3,1,,,,,,,,,,,,,
2017/1/23 3:00:00,CTI,YMLOLIA,007S,CNNGB,CNNGB,IDSRG,IDSRG,JET55004092,浙江简达,JET55004092,,,SNL,F,10,0,0,9,0,28,,,,,,,,10,,9,,,,,,,,,,,,,
2017/1/23 3:00:00,CTI,YMLOLIA,007S,CNNGB,CNNGB,IDSRG,IDSRG,QYGYL123,七运供应链,NBWLB1,,,SNL,F,3,0,0,1,0,5,,,,,,,,3,,1,,,,,,,,,,,,,
2017/1/23 3:00:00,CTI,YMLOLIA,007S,CNNGB,CNNGB,IDSRG,IDSRG,WYFH123,宁波外运泛海,WYFH123,,,SNL,F,0,0,0,1,0,2,,,,,,,,,,1,,,,,,,,,,,,,
2017/1/24 18:00:00,NT1,SITNGBO,1704S,CNNGB,CNNGB,TWKEL,TWKEL,JET55004092,浙江简达,JET55004092,,,SNL,F,2,0,0,2,0,6,,,,,,,,2,,2,,,,,,,,,,,,,
2017/1/24 18:00:00,NT1,SITNGBO,1704S,CNNGB,CNNGB,TWKEL,TWKEL,LFGYLNB,宁波利丰,LFGYLNB,,,SNL,F,0,1,0,1,0,4,,,,,,,,,1,1,,,,,,,,,,,,,
2017/1/24 18:00:00,NT1,SITNGBO,1704S,CNNGB,CNNGB,TWKEL,TWKEL,NBCNTR,外运箱运,NBCNTR,00246TW16NGBN03,,SNL,F,0,1,0,0,0,2,,,,,,,,,1,,,,,,,,,,,,,,
2017/1/24 18:00:00,NT1,SITNGBO,1704S,CNNGB,CNNGB,TWKHH,TWKHH,NBZHHD,宁波哲辉,NBWLB1,,,SOC,E,0,0,0,6,0,12,,,6,,,,,,,,,,,,,,,,,,,,
2017/1/24 18:00:00,NT1,SITNGBO,1704S,CNNGB,CNNGB,TWKEL,TWKEL,PHYTNB,宁波沛华运通,NBWLB1,,,SNL,F,1,0,0,0,0,1,,,,,,,,1,,,,,,,,,,,,,,,
2017/1/24 18:00:00,NT1,SITNGBO,1704S,CNNGB,CNNGB,TWKEL,TWKEL,SHCTNB001,宁波上海诚泰,NBWLB1,,,SNL,F,0,1,0,0,0,2,,,,,,,,,1,,,,,,,,,,,,,,
2017/1/24 18:00:00,NT1,SITNGBO,1704S,CNNGB,CNNGB,TWKHH,TWKHH,WYHYFGS,宁波外运海运,WYHYFGS,,,SNL,F,1,0,0,0,0,1,,,,,,,,1,,,,,,,,,,,,,,,
2017/1/24 18:00:00,NT1,SITNGBO,1704S,CNNGB,CNNGB,TWKHH,TWKHH,ZJBTGJ,浙江邦泰,ZJBTGJ,00026TW17NGBD01,,SNL,F,0,0,0,4,0,8,,,,,,,,,,4,,,,,,,,,,,,,
2017/1/24 18:00:00,NT1,SITNGBO,1704S,CNNGB,CNNGB,TWTXG,TWTXG,ZJBTGJ,浙江邦泰,ZJBTGJ,00026TW17NGBD01,,SNL,F,0,0,0,3,0,6,,,,,,,,,,3,,,,,,,,,,,,,
2017/1/25 8:00:00,CPF,SNLDFFG,1702S,CNNGB,CNNGB,PHMNL,PHMNL,JET55004092,浙江简达,JET55004092,R15PHNGB03541,,SNL,F,1,0,0,8,0,17,,,,,,,,1,,8,,,,,,,,,,,,,
2017/1/25 8:00:00,CPF,SNLDFFG,1702S,CNNGB,CNNGB,PHMNS,PHMNS,JET55004092,浙江简达,JET55004092,R15PHNGB03541,,SNL,F,1,0,0,3,0,7,,,,,,,,1,,3,,,,,,,,,,,,,
2017/1/25 8:00:00,CPF,SNLDFFG,1702S,CNNGB,CNNGB,PHMNS,PHMNS,QYGYL123,七运供应链,NBWLB1,R16PHNGB13751,,SNL,F,2,0,0,28,0,58,,,,,,,,2,,28,,,,,,,,,,,,,
2017/1/25 8:00:00,CPF,SNLDFFG,1702S,CNNGB,CNNGB,PHMNL,PHMNL,QYGYL123,七运供应链,NBWLB1,R16PHNGB13751,,SNL,F,0,1,0,10,0,22,,,,,,,,,1,10,,,,,,,,,,,,,
2017/1/25 8:00:00,CPF,SNLDFFG,1702S,CNNGB,CNNGB,PHMNL,PHMNL,QYGYL123,七运供应链,NBWLB1,R16PHNGB13943,,SNL,F,0,0,0,49,0,98,,,49,,,,,,,,,,,,,,,,,,,,
2017/1/25 8:00:00,CPF,SNLDFFG,1702S,CNNGB,CNNGB,PHSFS,PHSFS,QYGYL123,七运供应链,NBWLB1,R16PHNGB13751,,SNL,F,0,0,0,6,0,12,,,,,,,,,,6,,,,,,,,,,,,,
2017/1/25 8:00:00,CPF,SNLDFFG,1702S,CNNGB,CNNGB,PHMNL,PHMNL,WYFH123,宁波外运泛海,WYFH123,R15PHNGB03561,,SNL,F,1,1,0,16,0,35,,,,,,,,1,1,16,,,,,,,,,,,,,
2017/1/25 8:00:00,CPF,SNLDFFG,1702S,CNNGB,CNNGB,PHMNS,PHMNS,WYFH123,宁波外运泛海,WYFH123,R15PHNGB03561,,SNL,F,0,0,0,5,0,10,,,,,,,,,,5,,,,,,,,,,,,,
2017/1/25 8:00:00,CPF,SNLDFFG,1702S,CNNGB,CNNGB,PHMNS,PHMNS,YAXYNB,宁波亚细亚,NBWLB1,,,SNL,F,2,0,0,9,0,20,,,,,,,,2,,9,,,,,,,,,,,,,
2017/1/25 8:00:00,CPF,SNLDFFG,1702S,CNNGB,CNNGB,PHMNL,PHMNL,YAXYNB,宁波亚细亚,NBWLB1,,,SNL,F,1,0,0,21,0,43,,,,,,,,1,,21,,,,,,,,,,,,,
2017/1/25 8:00:00,CPF,SNLDFFG,1702S,CNNGB,CNNGB,PHMNS,PHMNS,ZWYMZ1,宁波中外运明州,ZWYMZ1,,,SNL,F,4,0,0,1,0,6,,,,,,,,4,,1,,,,,,,,,,,,,
2017/1/26 7:00:00,NEAX,YMLBAGE,059S,CNNGB,CNNGB,AUSYD,AUSYD,JET55004092,浙江简达,JET55004092,R15AUNGB03570,,SNL,F,2,1,0,3,0,10,,,,,,,,2,1,3,,,,,,,,,,,,,
2017/1/26 7:00:00,NEAX,YMLBAGE,059S,CNNGB,CNNGB,AUMEL,AUMEL,JET55004092,浙江简达,JET55004092,R15AUNGB03570,,SNL,F,3,1,0,3,0,11,,,,,,,,3,1,3,,,,,,,,,,,,,
2017/1/26 7:00:00,NEAX,YMLBAGE,059S,CNNGB,CNNGB,AUBNE,AUBNE,JET55004092,浙江简达,JET55004092,R15AUNGB03570,,SNL,F,2,0,0,1,0,4,,,,,,,,2,,1,,,,,,,,,,,,,
2017/1/26 7:00:00,NEAX,YMLBAGE,059S,CNNGB,CNNGB,AUSYD,AUSYD,QYGYL123,七运供应链,NBWLB1,R16AUNGB13747,,SNL,F,2,0,0,2,0,6,,,,,,,,2,,2,,,,,,,,,,,,,
2017/1/26 7:00:00,NEAX,YMLBAGE,059S,CNNGB,CNNGB,AUMEL,AUMEL,QYGYL123,七运供应链,NBWLB1,R16AUNGB13747,,SNL,F,6,0,0,2,0,10,,,,,,,,6,,2,,,,,,,,,,,,,
2017/1/26 7:00:00,NEAX,YMLBAGE,059S,CNNGB,CNNGB,AUBNE,AUBNE,QYGYL123,七运供应链,NBWLB1,R16AUNGB13747,,SNL,F,1,0,0,0,0,1,,,,,,,,1,,,,,,,,,,,,,,,
2017/1/26 7:00:00,NEAX,YMLBAGE,059S,CNNGB,CNNGB,AUMEL,AUMEL,WYFH123,宁波外运泛海,WYFH123,R15AUNGB03569,,SNL,F,0,0,0,1,0,2,,,,,,,,,,1,,,,,,,,,,,,,
2017/1/28 10:00:00,CAT,YMLBUAN,068S,CNNGB,CNNGB,AUBNE,AUBNE,JET55004092,浙江简达,JET55004092,R15AUNGB03570,,SNL,F,1,0,0,5,0,11,,,,,,,,1,,5,,,,,,,,,,,,,
2017/1/28 10:00:00,CAT,YMLBUAN,068S,CNNGB,CNNGB,AUSYD,AUSYD,JET55004092,浙江简达,JET55004092,R15AUNGB03570,,SNL,F,7,1,0,10,0,29,,,,,,,,7,1,10,,,,,,,,,,,,,
2017/1/28 10:00:00,CAT,YMLBUAN,068S,CNNGB,CNNGB,AUMEL,AUMEL,JET55004092,浙江简达,JET55004092,R15AUNGB03570,,SNL,F,6,3,0,6,0,24,,,,,,,,6,3,6,,,,,,,,,,,,,
2017/1/28 10:00:00,CAT,YMLBUAN,068S,CNNGB,CNNGB,AUSYD,AUSYD,QYGYL123,七运供应链,NBWLB1,R16AUNGB13747,,SNL,F,3,0,0,5,0,13,,,,,,,,3,,5,,,,,,,,,,,,,
2017/1/28 10:00:00,CAT,YMLBUAN,068S,CNNGB,CNNGB,AUMEL,AUMEL,QYGYL123,七运供应链,NBWLB1,R16AUNGB13747,,SNL,F,3,0,0,3,0,9,,,,,,,,3,,3,,,,,,,,,,,,,
2017/1/28 10:00:00,CAT,YMLBUAN,068S,CNNGB,CNNGB,AUBNE,AUBNE,QYGYL123,七运供应链,NBWLB1,R16AUNGB13747,,SNL,F,1,0,0,1,0,3,,,,,,,,1,,1,,,,,,,,,,,,,
2017/1/28 23:00:00,CHS,SITSITJ,1702S,CNNGB,CNNGB,VNHPH,VNHPH,JET55004092,浙江简达,JET55004092,R15VNNGB03563,,SNL,F,3,0,0,5,0,13,,,,,,,,3,,5,,,,,,,,,,,,,
2017/1/28 23:00:00,CHS,SITSITJ,1702S,CNNGB,CNNGB,VNHPH,VNHPH,QYGYL123,七运供应链,NBWLB1,R16VNNGB13761,,SNL,F,6,0,0,1,0,8,,,,,,,,6,,1,,,,,,,,,,,,,
2017/1/28 23:00:00,CHS,SITSITJ,1702S,CNNGB,CNNGB,VNHPH,VNHPH,WYFH123,宁波外运泛海,WYFH123,R15VNNGB03565,,SNL,F,3,0,0,3,0,9,,,,,,,,3,,3,,,,,,,,,,,,,
2017/1/28 4:00:00,ST2,SITHAXI,1705S,CNNGB,CNNGB,TWKHH,TWKHH,ZJBTGJ,浙江邦泰,ZJBTGJ,00026TW17NGBD01,,SNL,F,0,0,0,2,0,4,,,,,,,,,,2,,,,,,,,,,,,,
2017/1/28 6:00:00,EASNSP,EASSIAI,1705E,CNNGB,CNNGB,KRPUS,KRPUS,GXCW123,宁波港兴,GXCW123,,,SNL,F,0,0,0,2,0,4,,,,,,,,,,2,,,,,,,,,,,,,
2017/1/28 9:00:00,SITC NA1,SITSIKI,1703N,CNNGB,CNNGB,JPOSA,JPOSA,SHHZ1906,宁波上海海尊,NBWLB1,R16JPNGB13123,,SNL,F,1,0,0,0,0,1,,,,,,,,1,,,,,,,,,,,,,,,
2017/1/29 2:00:00,PAN NKT1,PANXIOU,101E,CNNGB,CNNGB,JPTYO,JPTYO,NBCNTR,外运箱运,NBCNTR,R16JPNGB13687,,SNL,F,0,4,0,0,0,8,,,,,,,,,4,,,,,,,,,,,,,,
2017/1/29 2:00:00,PAN NKT1,PANXIOU,101E,CNNGB,CNNGB,JPTYO,JPTYO,NBCNTR,外运箱运,NBCNTR,00176JP16NGBD02,,SNL,F,0,4,0,2,0,12,,,,,,,,,4,2,,,,,,,,,,,,,
2017/1/29 2:00:00,PAN NKT1,PANXIOU,101E,CNNGB,CNNGB,JPTYO,JPTYO,NBCNTR,外运箱运,NBCNTR,00118JP16HQLD10,,SNL,F,1,3,0,0,0,7,,,,,,,,1,3,,,,,,,,,,,,,,
2017/1/29 2:00:00,PAN NKT1,PANXIOU,101E,CNNGB,CNNGB,JPTYO,JPTYO,NBHJ888,宁波豪捷,NBWLB1,,,SNL,F,0,1,0,0,0,2,,,,,,,,,1,,,,,,,,,,,,,,
2017/1/29 2:00:00,PAN NKT1,PANXIOU,101E,CNNGB,CNNGB,JPTYO,JPTYO,NPSEL1218,宁波东南物流,NPSEL1218,00206JP16NGBD03,,SNL,F,3,0,0,3,0,9,,,,,,,,3,,3,,,,,,,,,,,,,
2017/1/29 2:00:00,PAN NKT1,PANXIOU,101E,CNNGB,CNNGB,JPYOK,JPYOK,NPSEL1218,宁波东南物流,NPSEL1218,00206JP16NGBD03,,SNL,F,1,0,0,0,0,1,,,,,,,,1,,,,,,,,,,,,,,,
2017/1/29 2:00:00,PAN NKT1,PANXIOU,101E,CNNGB,CNNGB,JPTYO,JPTYO,QYGYL123,七运供应链,NBWLB1,R16JPNGB13686,,SNL,F,0,0,0,2,0,4,,,,,,,,,,2,,,,,,,,,,,,,
2017/1/29 2:00:00,PAN NKT1,PANXIOU,101E,CNNGB,CNNGB,JPTYO,JPTYO,WANGZJ,宁波泛洋,WANGZJ,,,SNL,F,2,15,0,0,0,32,,,,,,,,2,15,,,,,,,,,,,,,,
2017/1/29 20:00:00,SITC NJ1,SITSIXI,1701N,CNNGB,CNNGB,JPNGO,JPNGO,JET55004092,浙江简达,JET55004092,,,SNL,F,0,2,0,0,0,4,,,,,,,,,2,,,,,,,,,,,,,,
2017/1/29 20:00:00,SITC NJ1,SITSIXI,1701N,CNNGB,CNNGB,JPNGO,JPNGO,NPSEL1218,宁波东南物流,NPSEL1218,00206JP16NGBD03,,SNL,F,2,1,0,0,0,4,,,,,,,,2,1,,,,,,,,,,,,,,
2017/1/3 18:00:00,NT1,SITNGBO,1701S,CNNGB,CNNGB,TWKHH,TWKHH,GXCW123,宁波港兴,GXCW123,,,SNL,F,0,0,0,1,0,2,,,,,,,,,,1,,,,,,,,,,,,,
2017/1/3 18:00:00,NT1,SITNGBO,1701S,CNNGB,CNNGB,TWTXG,TWTXG,JET55004092,浙江简达,JET55004092,,,SNL,F,1,0,0,0,0,1,,,,,,,,1,,,,,,,,,,,,,,,
2017/1/3 18:00:00,NT1,SITNGBO,1701S,CNNGB,CNNGB,TWKHH,TWKHH,JET55004092,浙江简达,JET55004092,,,SNL,F,0,0,0,1,0,2,,,,,,,,,,1,,,,,,,,,,,,,
2017/1/3 18:00:00,NT1,SITNGBO,1701S,CNNGB,CNNGB,TWKEL,TWKEL,LFGYLNB,宁波利丰,LFGYLNB,,,SNL,F,1,0,0,0,0,1,,,,,,,,1,,,,,,,,,,,,,,,
2017/1/3 18:00:00,NT1,SITNGBO,1701S,CNNGB,CNNGB,TWTXG,TWTXG,LFGYLNB,宁波利丰,LFGYLNB,,,SNL,F,1,0,0,0,0,1,,,,,,,,1,,,,,,,,,,,,,,,
2017/1/3 18:00:00,NT1,SITNGBO,1701S,CNNGB,CNNGB,TWTXG,TWTXG,NBFANZHOU,宁波泛洲,NBFANZHOU,R16TWNGB13722,,SNL,F,5,0,0,0,0,5,5,,,,,,,,,,,,,,,,,,,,,,
2017/1/3 18:00:00,NT1,SITNGBO,1701S,CNNGB,CNNGB,TWKHH,TWKHH,NBHGWL,宁波外运海港,NBHGWL,,,SNL,F,0,1,0,0,0,2,,,,,,,,,1,,,,,,,,,,,,,,
2017/1/3 18:00:00,NT1,SITNGBO,1701S,CNNGB,CNNGB,TWKHH,TWKHH,NBMHWL,宁波美航物流,NBWLB1,,,SNL,F,1,0,0,0,0,1,,,,,,,,1,,,,,,,,,,,,,,,
2017/1/3 18:00:00,NT1,SITNGBO,1701S,CNNGB,CNNGB,TWKHH,TWKHH,NBZHHD,宁波哲辉,NBWLB1,,,SNL,F,1,0,0,0,0,1,,,,,,,,1,,,,,,,,,,,,,,,
2017/1/3 18:00:00,NT1,SITNGBO,1701S,CNNGB,CNNGB,TWKEL,TWKEL,NPSEL1218,宁波东南物流,NPSEL1218,,,SNL,F,2,0,0,0,0,2,,,,,,,,2,,,,,,,,,,,,,,,
2017/1/3 18:00:00,NT1,SITNGBO,1701S,CNNGB,CNNGB,TWTXG,TWTXG,QYGYL123,七运供应链,NBWLB1,,,SNL,F,1,0,0,0,0,1,,,,,,,,1,,,,,,,,,,,,,,,
2017/1/3 18:00:00,NT1,SITNGBO,1701S,CNNGB,CNNGB,TWKHH,TWKHH,TOPSHIPPING_2,宁波托浦船务,TOPSHIPPING_2,,,SNL,F,1,0,0,0,0,1,,,,,,,,1,,,,,,,,,,,,,,,
2017/1/3 18:00:00,NT1,SITNGBO,1701S,CNNGB,CNNGB,TWKEL,TWKEL,XINGGANG,宁波兴港,XINGGANG,,,SOC,F,1,0,0,0,0,1,,,,,,,,,,,1,,,,,,,,,,,,
2017/1/3 18:00:00,NT1,SITNGBO,1701S,CNNGB,CNNGB,TWKEL,TWKEL,YTDCZX,宁波甬通订舱中心,YTDCZX,,,SNL,F,1,0,0,0,0,1,,,,,,,,1,,,,,,,,,,,,,,,
2017/1/3 18:00:00,NT1,SITNGBO,1701S,CNNGB,CNNGB,TWKHH,TWKHH,ZJBTGJ,浙江邦泰,ZJBTGJ,00026TW17NGBD01,,SNL,F,1,0,0,3,0,7,,,,,,,,1,,3,,,,,,,,,,,,,
2017/1/30 3:00:00,CTI,YMLPRRN,009S,CNNGB,CNNGB,IDSRG,IDSRG,JET55004092,浙江简达,JET55004092,,,SNL,F,2,0,0,7,0,16,,,,,,,,2,,7,,,,,,,,,,,,,
2017/1/30 3:00:00,CTI,YMLPRRN,009S,CNNGB,CNNGB,IDSUB,IDSUB,JET55004092,浙江简达,JET55004092,,,SNL,F,0,0,0,1,0,2,,,,,,,,,,1,,,,,,,,,,,,,
2017/1/30 3:00:00,CTI,YMLPRRN,009S,CNNGB,CNNGB,IDSRG,IDSRG,QYGYL123,七运供应链,NBWLB1,,,SNL,F,0,0,0,3,0,6,,,,,,,,,,3,,,,,,,,,,,,,
2017/1/30 3:00:00,CTI,YMLPRRN,009S,CNNGB,CNNGB,IDSRG,IDSRG,WYFH123,宁波外运泛海,WYFH123,,,SNL,F,0,0,0,4,0,8,,,,,,,,,,4,,,,,,,,,,,,,
2017/1/30 3:00:00,CTI,YMLPRRN,009S,CNNGB,CNNGB,IDSUB,IDSUB,WYFH123,宁波外运泛海,WYFH123,,,SNL,F,0,0,0,2,0,4,,,,,,,,,,2,,,,,,,,,,,,,
2017/1/4 18:00:00,CHS,SITWICE,1702S,CNNGB,CNNGB,VNHPH,VNHPH,JET55004092,浙江简达,JET55004092,R15VNNGB03563,,SNL,F,16,2,0,15,0,50,,,,,,,,16,2,15,,,,,,,,,,,,,
2017/1/4 18:00:00,CHS,SITWICE,1702S,CNNGB,CNNGB,VNHPH,VNHPH,QYGYL123,七运供应链,NBWLB1,R16VNNGB13761,,SNL,F,6,1,0,14,0,36,,,,,,,,6,1,14,,,,,,,,,,,,,
2017/1/4 18:00:00,CHS,SITWICE,1702S,CNNGB,CNNGB,VNHPH,VNHPH,WYFH123,宁波外运泛海,WYFH123,R15VNNGB03565,,SNL,F,0,0,0,1,0,2,,,,,,,,,,1,,,,,,,,,,,,,
2017/1/4 8:00:00,CPF,WHLHARG,S061,CNNGB,CNNGB,PHMNS,PHMNS,JET55004092,浙江简达,JET55004092,R15PHNGB03541,,SNL,F,1,0,0,4,0,9,,,,,,,,1,,4,,,,,,,,,,,,,
2017/1/4 8:00:00,CPF,WHLHARG,S061,CNNGB,CNNGB,PHMNL,PHMNL,JET55004092,浙江简达,JET55004092,R15PHNGB03541,,SNL,F,1,0,0,3,0,7,,,,,,,,1,,3,,,,,,,,,,,,,
2017/1/4 8:00:00,CPF,WHLHARG,S061,CNNGB,CNNGB,PHMNS,PHMNS,QYGYL123,七运供应链,NBWLB1,R16PHNGB13751,,SNL,F,0,0,0,10,0,20,,,,,,,,,,10,,,,,,,,,,,,,
2017/1/4 8:00:00,CPF,WHLHARG,S061,CNNGB,CNNGB,PHMNL,PHMNL,QYGYL123,七运供应链,NBWLB1,R16PHNGB13751,,SNL,F,1,0,0,29,0,59,,,,,,,,1,,29,,,,,,,,,,,,,
2017/1/4 8:00:00,CPF,WHLHARG,S061,CNNGB,CNNGB,PHMNL,PHMNL,QYGYL123,七运供应链,NBWLB1,R16PHNGB13943,,SNL,F,0,0,0,3,0,6,,,3,,,,,,,,,,,,,,,,,,,,
2017/1/4 8:00:00,CPF,WHLHARG,S061,CNNGB,CNNGB,PHMNS,PHMNS,WYFH123,宁波外运泛海,WYFH123,R15PHNGB03561,,SNL,F,2,0,0,6,0,14,,,,,,,,2,,6,,,,,,,,,,,,,
2017/1/4 8:00:00,CPF,WHLHARG,S061,CNNGB,CNNGB,PHMNL,PHMNL,WYFH123,宁波外运泛海,WYFH123,R15PHNGB03561,,SNL,F,0,2,0,3,0,10,,,,,,,,,2,3,,,,,,,,,,,,,
2017/1/4 8:00:00,CPF,WHLHARG,S061,CNNGB,CNNGB,PHMNL,PHMNL,YAXYNB,宁波亚细亚,NBWLB1,,,SNL,F,2,0,0,23,0,48,,,,,,,,2,,23,,,,,,,,,,,,,
2017/1/4 8:00:00,CPF,WHLHARG,S061,CNNGB,CNNGB,PHMNS,PHMNS,YAXYNB,宁波亚细亚,NBWLB1,,,SNL,F,1,0,0,7,0,15,,,,,,,,1,,7,,,,,,,,,,,,,
2017/1/5 7:00:00,NEAX,YMLMOST,048S,CNNGB,CNNGB,AUSYD,AUSYD,JET55004092,浙江简达,JET55004092,R15AUNGB03570,,SNL,F,4,0,0,0,0,4,,,,,,,,4,,,,,,,,,,,,,,,
2017/1/5 7:00:00,NEAX,YMLMOST,048S,CNNGB,CNNGB,AUMEL,AUMEL,JET55004092,浙江简达,JET55004092,R15AUNGB03570,,SNL,F,1,0,0,1,0,3,,,,,,,,1,,1,,,,,,,,,,,,,
2017/1/5 7:00:00,NEAX,YMLMOST,048S,CNNGB,CNNGB,AUSYD,AUSYD,NBFH123,宁波汎华,NBWLB1,R16AUNGB13747,,SNL,F,0,0,0,1,0,2,,,,,,,,,,1,,,,,,,,,,,,,
2017/1/5 7:00:00,NEAX,YMLMOST,048S,CNNGB,CNNGB,AUSYD,AUSYD,QYGYL123,七运供应链,NBWLB1,R16AUNGB13747,,SNL,F,1,1,0,1,0,5,,,,,,,,1,1,1,,,,,,,,,,,,,
2017/1/5 7:00:00,NEAX,YMLMOST,048S,CNNGB,CNNGB,AUMEL,AUMEL,QYGYL123,七运供应链,NBWLB1,R16AUNGB13747,,SNL,F,2,0,0,1,0,4,,,,,,,,2,,1,,,,,,,,,,,,,
2017/1/5 7:00:00,NEAX,YMLMOST,048S,CNNGB,CNNGB,AUBNE,AUBNE,QYGYL123,七运供应链,NBWLB1,R16AUNGB13747,,SNL,F,1,0,0,0,0,1,,,,,,,,1,,,,,,,,,,,,,,,
2017/1/5 7:00:00,NEAX,YMLMOST,048S,CNNGB,CNNGB,AUMEL,AUMEL,WYFH123,宁波外运泛海,WYFH123,R15AUNGB03569,,SNL,F,0,0,0,7,0,14,,,,,,,,,,7,,,,,,,,,,,,,
2017/1/7 10:00:00,CAT,SNLNOPS,1701S,CNNGB,CNNGB,AUMEL,AUMEL,JET55004092,浙江简达,JET55004092,R15AUNGB03570,,SNL,F,5,1,0,2,0,11,,,,,,,,5,1,2,,,,,,,,,,,,,
2017/1/7 10:00:00,CAT,SNLNOPS,1701S,CNNGB,CNNGB,AUSYD,AUSYD,JET55004092,浙江简达,JET55004092,R15AUNGB03570,,SNL,F,5,0,0,2,0,9,,,,,,,,5,,2,,,,,,,,,,,,,
2017/1/7 10:00:00,CAT,SNLNOPS,1701S,CNNGB,CNNGB,AUBNE,AUBNE,JET55004092,浙江简达,JET55004092,R15AUNGB03570,,SNL,F,6,0,0,0,0,6,,,,,,,,6,,,,,,,,,,,,,,,
2017/1/7 10:00:00,CAT,SNLNOPS,1701S,CNNGB,CNNGB,AUSYD,AUSYD,NBCNTR,外运箱运,NBCNTR,R16AUNGB13920,,SNL,F,0,2,0,0,0,4,,,,,,,,,2,,,,,,,,,,,,,,
2017/1/7 10:00:00,CAT,SNLNOPS,1701S,CNNGB,CNNGB,AUMEL,AUMEL,QYGYL123,七运供应链,NBWLB1,R16AUNGB13747,,SNL,F,4,1,0,6,0,18,,,,,,,,4,1,6,,,,,,,,,,,,,
2017/1/7 10:00:00,CAT,SNLNOPS,1701S,CNNGB,CNNGB,AUBNE,AUBNE,QYGYL123,七运供应链,NBWLB1,R16AUNGB13747,,SNL,F,3,0,0,0,0,3,,,,,,,,3,,,,,,,,,,,,,,,
2017/1/7 10:00:00,CAT,SNLNOPS,1701S,CNNGB,CNNGB,AUSYD,AUSYD,QYGYL123,七运供应链,NBWLB1,R16AUNGB13747,,SNL,F,4,0,0,2,0,8,,,,,,,,4,,2,,,,,,,,,,,,,
2017/1/7 10:00:00,CAT,SNLNOPS,1701S,CNNGB,CNNGB,AUMEL,AUMEL,WYFH123,宁波外运泛海,WYFH123,R15AUNGB03569,,SNL,F,0,2,0,1,0,6,,,,,,,,,2,1,,,,,,,,,,,,,
2017/1/7 10:00:00,CAT,SNLNOPS,1701S,CNNGB,CNNGB,AUSYD,AUSYD,WYFH123,宁波外运泛海,WYFH123,R15AUNGB03569,,SNL,F,0,1,0,0,0,2,,,,,,,,,1,,,,,,,,,,,,,,
2017/1/7 16:00:00,SCT,SNLDFFU,1701S,CNNGB,CNNGB,TWKEL,TWKEL,GXCW123,宁波港兴,GXCW123,,,SNL,F,2,0,0,0,0,2,,,,,,,,2,,,,,,,,,,,,,,,
2017/1/7 16:00:00,SCT,SNLDFFU,1701S,CNNGB,CNNGB,TWTXG,TWTXG,GXCW123,宁波港兴,GXCW123,,,SNL,F,1,0,0,0,0,1,,,,,,,,1,,,,,,,,,,,,,,,
2017/1/7 16:00:00,SCT,SNLDFFU,1701S,CNNGB,CNNGB,TWKEL,TWKEL,JET55004092,浙江简达,JET55004092,,,SNL,F,10,4,0,5,0,28,,,,,1,,,10,3,5,,,,,,,,,,,,,
2017/1/7 16:00:00,SCT,SNLDFFU,1701S,CNNGB,CNNGB,TWKHH,TWKHH,JET55004092,浙江简达,JET55004092,,,SNL,F,3,1,0,1,0,7,,,,,,,,3,1,1,,,,,,,,,,,,,
2017/1/7 16:00:00,SCT,SNLDFFU,1701S,CNNGB,CNNGB,TWTXG,TWTXG,JET55004092,浙江简达,JET55004092,,,SNL,F,2,1,0,2,0,8,,,,,,,,2,1,2,,,,,,,,,,,,,
2017/1/7 16:00:00,SCT,SNLDFFU,1701S,CNNGB,CNNGB,TWKEL,TWKEL,LFGYLNB,宁波利丰,LFGYLNB,,,SNL,F,3,0,0,2,0,7,,,,,,,,3,,2,,,,,,,,,,,,,
2017/1/7 16:00:00,SCT,SNLDFFU,1701S,CNNGB,CNNGB,TWKHH,TWKHH,LFGYLNB,宁波利丰,LFGYLNB,,,SNL,F,1,0,0,0,0,1,,,,,,,,1,,,,,,,,,,,,,,,
2017/1/7 16:00:00,SCT,SNLDFFU,1701S,CNNGB,CNNGB,TWTXG,TWTXG,NBCNTR,外运箱运,NBCNTR,,,SOC,F,1,0,0,0,0,1,,,,,,,,,,,1,,,,,,,,,,,,
2017/1/7 16:00:00,SCT,SNLDFFU,1701S,CNNGB,CNNGB,TWTXG,TWTXG,NBFANZHOU,宁波泛洲,NBFANZHOU,R16TWNGB13722,,SNL,F,6,0,0,0,0,6,6,,,,,,,,,,,,,,,,,,,,,,
2017/1/7 16:00:00,SCT,SNLDFFU,1701S,CNNGB,CNNGB,TWKEL,TWKEL,NBFANZHOU,宁波泛洲,NBFANZHOU,R16TWNGB13722,,SNL,F,1,0,0,0,0,1,1,,,,,,,,,,,,,,,,,,,,,,
2017/1/7 16:00:00,SCT,SNLDFFU,1701S,CNNGB,CNNGB,TWKEL,TWKEL,NBHGWL,宁波外运海港,NBHGWL,,,SNL,F,1,0,0,1,0,3,,,1,,,,,1,,,,,,,,,,,,,,,
2017/1/7 16:00:00,SCT,SNLDFFU,1701S,CNNGB,CNNGB,TWKEL,TWKEL,NBKAIYUAN,宁波开源,NBWLB1,,,SNL,F,2,0,0,0,0,2,,,,,,,,2,,,,,,,,,,,,,,,
2017/1/7 16:00:00,SCT,SNLDFFU,1701S,CNNGB,CNNGB,TWTXG,TWTXG,NBKAIYUAN,宁波开源,NBWLB1,,,SNL,F,0,0,0,1,0,2,,,,,,,,,,1,,,,,,,,,,,,,
2017/1/7 16:00:00,SCT,SNLDFFU,1701S,CNNGB,CNNGB,TWKHH,TWKHH,NBKAIYUAN,宁波开源,NBWLB1,,,SNL,F,1,0,0,1,0,3,,,,,,,,1,,1,,,,,,,,,,,,,
2017/1/7 16:00:00,SCT,SNLDFFU,1701S,CNNGB,CNNGB,TWKEL,TWKEL,NBMHWL,宁波美航物流,NBWLB1,,,SNL,F,1,0,0,0,0,1,,,,,,,,1,,,,,,,,,,,,,,,
2017/1/7 16:00:00,SCT,SNLDFFU,1701S,CNNGB,CNNGB,TWKEL,TWKEL,NBZHHD,宁波哲辉,NBWLB1,,,SNL,F,10,0,0,11,0,32,,,1,,,,,10,,10,,,,,,,,,,,,,
2017/1/7 16:00:00,SCT,SNLDFFU,1701S,CNNGB,CNNGB,TWTXG,TWTXG,NBZHHD,宁波哲辉,NBWLB1,,,SNL,F,0,1,0,1,0,4,,,,,,,,,1,1,,,,,,,,,,,,,
2017/1/7 16:00:00,SCT,SNLDFFU,1701S,CNNGB,CNNGB,TWKHH,TWKHH,NBZHHD,宁波哲辉,NBWLB1,,,SNL,F,1,0,0,1,0,3,,,,,,,,1,,1,,,,,,,,,,,,,
2017/1/7 16:00:00,SCT,SNLDFFU,1701S,CNNGB,CNNGB,TWKEL,TWKEL,NBZHHD,宁波哲辉,NBWLB1,,,SOC,F,1,0,0,0,0,1,,,,,,,,,,,1,,,,,,,,,,,,
2017/1/7 16:00:00,SCT,SNLDFFU,1701S,CNNGB,CNNGB,TWKHH,TWKHH,NPSEL1218,宁波东南物流,NPSEL1218,,,SNL,F,1,0,0,0,0,1,,,,,,,,1,,,,,,,,,,,,,,,
2017/1/7 16:00:00,SCT,SNLDFFU,1701S,CNNGB,CNNGB,TWKEL,TWKEL,NPSEL1218,宁波东南物流,NPSEL1218,,,SNL,F,1,0,0,2,0,5,,,,,,,,1,,2,,,,,,,,,,,,,
2017/1/7 16:00:00,SCT,SNLDFFU,1701S,CNNGB,CNNGB,TWTXG,TWTXG,QYGYL123,七运供应链,NBWLB1,,,SNL,F,3,0,0,2,0,7,,,,,,,,3,,2,,,,,,,,,,,,,
2017/1/7 16:00:00,SCT,SNLDFFU,1701S,CNNGB,CNNGB,TWKEL,TWKEL,QYGYL123,七运供应链,NBWLB1,,,SNL,F,1,2,0,1,0,7,,,1,,,,,1,2,,,,,,,,,,,,,,
2017/1/7 16:00:00,SCT,SNLDFFU,1701S,CNNGB,CNNGB,TWKEL,TWKEL,SNL_TP,宁波太平,SNL_TP,,,SNL,F,0,1,0,0,0,2,,,,,,,,,1,,,,,,,,,,,,,,
2017/1/7 16:00:00,SCT,SNLDFFU,1701S,CNNGB,CNNGB,TWTXG,TWTXG,TOPSHIPPING_2,宁波托浦船务,TOPSHIPPING_2,,,SNL,F,1,1,0,0,0,3,,,,,,,,1,1,,,,,,,,,,,,,,
2017/1/7 16:00:00,SCT,SNLDFFU,1701S,CNNGB,CNNGB,TWKEL,TWKEL,WYFH123,宁波外运泛海,WYFH123,,,SNL,F,1,0,0,0,0,1,,,,,,,,1,,,,,,,,,,,,,,,
2017/1/7 16:00:00,SCT,SNLDFFU,1701S,CNNGB,CNNGB,TWTXG,TWTXG,WYHYFGS,宁波外运海运,WYHYFGS,,,SNL,F,0,0,0,1,0,2,,,,,,,,,,1,,,,,,,,,,,,,
2017/1/7 16:00:00,SCT,SNLDFFU,1701S,CNNGB,CNNGB,TWKEL,TWKEL,WYHYFGS,宁波外运海运,WYHYFGS,,,SNL,F,0,0,0,1,0,2,,,,,,,,,,1,,,,,,,,,,,,,
2017/1/7 16:00:00,SCT,SNLDFFU,1701S,CNNGB,CNNGB,TWKEL,TWKEL,YTDCZX,宁波甬通订舱中心,YTDCZX,,,SNL,F,0,0,0,1,0,2,,,,,,,,,,1,,,,,,,,,,,,,
2017/1/7 16:00:00,SCT,SNLDFFU,1701S,CNNGB,CNNGB,TWKHH,TWKHH,ZJBTGJ,浙江邦泰,ZJBTGJ,00026TW17NGBD01,,SNL,F,2,0,0,13,0,28,,,,,,,,2,,13,,,,,,,,,,,,,
2017/1/7 16:00:00,SCT,SNLDFFU,1701S,CNNGB,CNNGB,TWTXG,TWTXG,ZJBTGJ,浙江邦泰,ZJBTGJ,00026TW17NGBD01,,SNL,F,0,0,0,3,0,6,,,,,,,,,,3,,,,,,,,,,,,,
2017/1/7 16:00:00,SCT,SNLDFFU,1701S,CNNGB,CNNGB,TWTXG,TWTXG,ZJWKWL,宁波五矿物流,ZJWKWL,,,SNL,F,1,0,0,0,0,1,,,,,,,,1,,,,,,,,,,,,,,,
2017/1/7 16:00:00,SCT,SNLDFFU,1701S,CNNGB,CNNGB,TWTXG,TWTXG,ZOSCONB,浙远宁波物流,ZOSCONB,,,SNL,F,10,0,0,1,0,12,,,,,,,,10,,1,,,,,,,,,,,,,
2017/1/7 16:00:00,SCT,SNLDFFU,1701S,CNNGB,CNNGB,TWKEL,TWKEL,ZOSCONB,浙远宁波物流,ZOSCONB,,,SNL,F,0,0,0,3,0,6,,,,,,,,,,3,,,,,,,,,,,,,
2017/1/7 16:00:00,SCT,SNLDFFU,1701S,CNNGB,CNNGB,TWKEL,TWKEL,ZWYMZ1,宁波中外运明州,ZWYMZ1,,,SNL,F,1,0,0,0,0,1,,,,,,,,1,,,,,,,,,,,,,,,
2017/1/7 6:00:00,EASNSP,EASSIAI,1702E,CNNGB,CNNGB,KRPUS,KRPUS,GXCW123,宁波港兴,GXCW123,,,SNL,F,1,0,0,2,0,5,,,,,,,,1,,2,,,,,,,,,,,,,
2017/1/7 6:00:00,EASNSP,EASSIAI,1702E,CNNGB,CNNGB,KRPUS,KRPUS,NBKAIYUAN,宁波开源,NBWLB1,,,SNL,F,1,0,0,0,0,1,,,,,,,,1,,,,,,,,,,,,,,,
2017/1/7 6:00:00,EASNSP,EASSIAI,1702E,CNNGB,CNNGB,KRPUS,KRPUS,NBZHHD,宁波哲辉,NBWLB1,,,SNL,F,1,0,0,4,0,9,1,,2,,,,,,,2,,,,,,,,,,,,,
2017/1/7 6:00:00,EASNSP,EASSIAI,1702E,CNNGB,CNNGB,KRPUS,KRPUS,WYFH123,宁波外运泛海,WYFH123,,,SNL,F,1,0,0,0,0,1,,,,,,,,1,,,,,,,,,,,,,,,
2017/1/7 9:00:00,SITC NA1,SITKAOW,1701N,CNNGB,CNNGB,JPOSA,JPOSA,JET55004092,浙江简达,JET55004092,,,SNL,F,1,0,0,0,0,1,,,,,,,,1,,,,,,,,,,,,,,,
2017/1/7 9:00:00,SITC NA1,SITKAOW,1701N,CNNGB,CNNGB,JPUKB,JPUKB,NBCNTR,外运箱运,NBCNTR,00176JP16NGBD02,,SNL,F,3,3,0,0,0,9,,,,,,,,3,3,,,,,,,,,,,,,,
2017/1/7 9:00:00,SITC NA1,SITKAOW,1701N,CNNGB,CNNGB,JPUKB,JPUKB,NBCNTR,外运箱运,NBCNTR,,,SOC,F,2,0,0,0,0,2,,,,,,,,,,,2,,,,,,,,,,,,
2017/1/7 9:00:00,SITC NA1,SITKAOW,1701N,CNNGB,CNNGB,JPUKB,JPUKB,NBCNTR,外运箱运,NBCNTR,00055JP16NGBN01,,SNL,F,0,0,0,2,0,4,,,,,,,,,,2,,,,,,,,,,,,,
2017/1/7 9:00:00,SITC NA1,SITKAOW,1701N,CNNGB,CNNGB,JPOSA,JPOSA,NBCNTR,外运箱运,NBCNTR,,,SOC,F,1,0,0,0,0,1,,,,,,,,,,,1,,,,,,,,,,,,
2017/1/7 9:00:00,SITC NA1,SITKAOW,1701N,CNNGB,CNNGB,JPUKB,JPUKB,NBHGWL,宁波外运海港,NBHGWL,,,SNL,F,0,0,0,2,0,4,,,2,,,,,,,,,,,,,,,,,,,,
2017/1/7 9:00:00,SITC NA1,SITKAOW,1701N,CNNGB,CNNGB,JPOSA,JPOSA,NBHGWL,宁波外运海港,NBHGWL,,,SNL,F,0,0,0,2,0,4,,,2,,,,,,,,,,,,,,,,,,,,
2017/1/7 9:00:00,SITC NA1,SITKAOW,1701N,CNNGB,CNNGB,JPUKB,JPUKB,NBHJ888,宁波豪捷,NBWLB1,,,SNL,F,0,0,0,2,0,4,,,,,,,,,,2,,,,,,,,,,,,,
2017/1/7 9:00:00,SITC NA1,SITKAOW,1701N,CNNGB,CNNGB,JPUKB,JPUKB,NINGBOJIASHEN,宁波上海甲申,NBWLB1,00165JP16NGBN10,,SNL,F,0,1,0,0,0,2,,,,,,,,,1,,,,,,,,,,,,,,
2017/1/7 9:00:00,SITC NA1,SITKAOW,1701N,CNNGB,CNNGB,JPOSA,JPOSA,NPSEL1218,宁波东南物流,NPSEL1218,00206JP16NGBD01,,SNL,F,3,0,0,1,0,5,,,,,,,,3,,1,,,,,,,,,,,,,
2017/1/7 9:00:00,SITC NA1,SITKAOW,1701N,CNNGB,CNNGB,JPOSA,JPOSA,NPSEL1218,宁波东南物流,NPSEL1218,,,SNL,F,0,0,0,1,0,2,,,,,,,,,,1,,,,,,,,,,,,,
2017/1/7 9:00:00,SITC NA1,SITKAOW,1701N,CNNGB,CNNGB,JPOSA,JPOSA,PAF1,宁波中远物流,PAF1,00030JP17NGBN01,,SNL,F,1,0,0,0,0,1,,,,,,,,1,,,,,,,,,,,,,,,
2017/1/7 9:00:00,SITC NA1,SITKAOW,1701N,CNNGB,CNNGB,JPOSA,JPOSA,PAF1,宁波中远物流,PAF1,,,SNL,F,1,0,0,0,0,1,,,,,,,,1,,,,,,,,,,,,,,,
2017/1/7 9:00:00,SITC NA1,SITKAOW,1701N,CNNGB,CNNGB,JPOSA,JPOSA,QYGYL123,七运供应链,NBWLB1,,,SNL,F,0,0,0,1,0,2,,,,,,,,,,1,,,,,,,,,,,,,
2017/1/7 9:00:00,SITC NA1,SITKAOW,1701N,CNNGB,CNNGB,JPOSA,JPOSA,TOPSHIPPING_2,宁波托浦船务,TOPSHIPPING_2,,,SNL,F,1,0,0,0,0,1,,,,,,,,1,,,,,,,,,,,,,,,
2017/1/7 9:00:00,SITC NA1,SITKAOW,1701N,CNNGB,CNNGB,JPOSA,JPOSA,WYHYFGS,宁波外运海运,WYHYFGS,,,SNL,F,1,0,0,0,0,1,,,,,,,,1,,,,,,,,,,,,,,,
2017/1/8 10:00:00,CPS,SITRHIA,1701S,CNNGB,CNNGB,PHMNS,PHMNS,JET55004092,浙江简达,JET55004092,R15PHNGB03541,,SNL,F,3,0,0,9,0,21,,,,,,,,3,,9,,,,,,,,,,,,,
2017/1/8 10:00:00,CPS,SITRHIA,1701S,CNNGB,CNNGB,PHMNL,PHMNL,JET55004092,浙江简达,JET55004092,R15PHNGB03541,,SNL,F,4,1,0,9,0,24,,,,,,,,4,1,9,,,,,,,,,,,,,
2017/1/8 10:00:00,CPS,SITRHIA,1701S,CNNGB,CNNGB,PHMNL,PHMNL,QYGYL123,七运供应链,NBWLB1,R16PHNGB13751,,SNL,F,0,0,0,37,0,74,,,,,,,,,,37,,,,,,,,,,,,,
2017/1/8 10:00:00,CPS,SITRHIA,1701S,CNNGB,CNNGB,PHMNS,PHMNS,QYGYL123,七运供应链,NBWLB1,R16PHNGB13751,,SNL,F,1,2,0,12,0,29,,,,,,,,1,2,12,,,,,,,,,,,,,
2017/1/8 10:00:00,CPS,SITRHIA,1701S,CNNGB,CNNGB,PHMNL,PHMNL,QYGYL123,七运供应链,NBWLB1,R16PHNGB13943,,SNL,F,0,0,0,10,0,20,,,10,,,,,,,,,,,,,,,,,,,,
2017/1/8 10:00:00,CPS,SITRHIA,1701S,CNNGB,CNNGB,PHMNS,PHMNS,SHHZ1906,宁波上海海尊,NBWLB1,,,SNL,F,1,0,0,0,0,1,,,,,,,,1,,,,,,,,,,,,,,,
2017/1/8 10:00:00,CPS,SITRHIA,1701S,CNNGB,CNNGB,PHMNS,PHMNS,WYFH123,宁波外运泛海,WYFH123,R15PHNGB03561,,SNL,F,1,0,0,6,0,13,,,,,,,,1,,6,,,,,,,,,,,,,
2017/1/8 10:00:00,CPS,SITRHIA,1701S,CNNGB,CNNGB,PHMNL,PHMNL,WYFH123,宁波外运泛海,WYFH123,R15PHNGB03561,,SNL,F,2,0,0,12,0,26,,,,,,,,2,,12,,,,,,,,,,,,,
2017/1/8 10:00:00,CPS,SITRHIA,1701S,CNNGB,CNNGB,PHMNL,PHMNL,YAXYNB,宁波亚细亚,NBWLB1,,,SNL,F,4,1,0,54,0,114,,,,,,,,4,1,54,,,,,,,,,,,,,
2017/1/8 10:00:00,CPS,SITRHIA,1701S,CNNGB,CNNGB,PHMNS,PHMNS,YAXYNB,宁波亚细亚,NBWLB1,,,SNL,F,1,0,0,11,0,23,,,,,,,,1,,11,,,,,,,,,,,,,
2017/1/8 2:00:00,PAN NKT1,PANXIOU,098E,CNNGB,CNNGB,JPTYO,JPTYO,JET55004092,浙江简达,JET55004092,,,SNL,F,3,0,0,0,0,3,,,,,,,,3,,,,,,,,,,,,,,,
2017/1/8 2:00:00,PAN NKT1,PANXIOU,098E,CNNGB,CNNGB,JPYOK,JPYOK,JET55004092,浙江简达,JET55004092,,,SNL,F,0,1,0,0,0,2,,,,,,,,,1,,,,,,,,,,,,,,
2017/1/8 2:00:00,PAN NKT1,PANXIOU,098E,CNNGB,CNNGB,JPTYO,JPTYO,LFGYLNB,宁波利丰,LFGYLNB,,,SNL,F,2,0,0,0,0,2,,,,,,,,2,,,,,,,,,,,,,,,
2017/1/8 2:00:00,PAN NKT1,PANXIOU,098E,CNNGB,CNNGB,JPTYO,JPTYO,NBCNTR,外运箱运,NBCNTR,00176JP16NGBD02,,SNL,F,4,4,0,2,0,16,,,,,,,,4,4,2,,,,,,,,,,,,,
2017/1/8 2:00:00,PAN NKT1,PANXIOU,098E,CNNGB,CNNGB,JPTYO,JPTYO,NBCNTR,外运箱运,NBCNTR,00118JP16HQLD10,,SNL,F,2,0,0,1,0,4,,,,,,,,2,,1,,,,,,,,,,,,,
2017/1/8 2:00:00,PAN NKT1,PANXIOU,098E,CNNGB,CNNGB,JPTYO,JPTYO,NBCNTR,外运箱运,NBCNTR,R16JPNGB13687,,SNL,F,0,3,0,1,0,8,,,,,,,,,3,1,,,,,,,,,,,,,
2017/1/8 2:00:00,PAN NKT1,PANXIOU,098E,CNNGB,CNNGB,JPYOK,JPYOK,NBCNTR,外运箱运,NBCNTR,00215JP16NGBN01,,SNL,F,1,0,0,1,0,3,,,,,,,,1,,1,,,,,,,,,,,,,
2017/1/8 2:00:00,PAN NKT1,PANXIOU,098E,CNNGB,CNNGB,JPTYO,JPTYO,NBCNTR,外运箱运,NBCNTR,00215JP16NGBN01,,SNL,F,1,0,0,1,0,3,,,,,,,,1,,1,,,,,,,,,,,,,
2017/1/8 2:00:00,PAN NKT1,PANXIOU,098E,CNNGB,CNNGB,JPYOK,JPYOK,NBCNTR,外运箱运,NBCNTR,00176JP16NGBD02,,SNL,F,0,1,0,0,0,2,,,,,,,,,1,,,,,,,,,,,,,,
2017/1/8 2:00:00,PAN NKT1,PANXIOU,098E,CNNGB,CNNGB,JPYOK,JPYOK,NBCNTR,外运箱运,NBCNTR,,,SNL,F,0,5,0,0,0,10,,,,,,,,,5,,,,,,,,,,,,,,
2017/1/8 2:00:00,PAN NKT1,PANXIOU,098E,CNNGB,CNNGB,JPYOK,JPYOK,NBHGWL,宁波外运海港,NBHGWL,,,SNL,F,1,0,0,2,0,5,1,,2,,,,,,,,,,,,,,,,,,,,
2017/1/8 2:00:00,PAN NKT1,PANXIOU,098E,CNNGB,CNNGB,JPTYO,JPTYO,NBHGWL,宁波外运海港,NBHGWL,,,SNL,F,1,0,0,1,0,3,1,,1,,,,,,,,,,,,,,,,,,,,
2017/1/8 2:00:00,PAN NKT1,PANXIOU,098E,CNNGB,CNNGB,JPTYO,JPTYO,NBHJ888,宁波豪捷,NBWLB1,,,SNL,F,0,0,0,4,0,8,,,,,,,,,,4,,,,,,,,,,,,,
2017/1/8 2:00:00,PAN NKT1,PANXIOU,098E,CNNGB,CNNGB,JPYOK,JPYOK,NPSEL1218,宁波东南物流,NPSEL1218,00340JP16NGBD01,,SNL,F,1,0,0,0,0,1,,,,,,,,1,,,,,,,,,,,,,,,
2017/1/8 2:00:00,PAN NKT1,PANXIOU,098E,CNNGB,CNNGB,JPTYO,JPTYO,NPSEL1218,宁波东南物流,NPSEL1218,00206JP16NGBD03,,SNL,F,0,2,0,0,0,4,,,,,,,,,2,,,,,,,,,,,,,,
2017/1/8 2:00:00,PAN NKT1,PANXIOU,098E,CNNGB,CNNGB,JPTYO,JPTYO,NPSEL1218,宁波东南物流,NPSEL1218,00206JP16NGBD01,,SNL,F,0,0,0,1,0,2,,,,,,,,,,1,,,,,,,,,,,,,
2017/1/8 2:00:00,PAN NKT1,PANXIOU,098E,CNNGB,CNNGB,JPTYO,JPTYO,NPSEL1218,宁波东南物流,NPSEL1218,00206JP16NGBD22,,SNL,F,0,0,0,1,0,2,,,,,,,,,,1,,,,,,,,,,,,,
2017/1/8 2:00:00,PAN NKT1,PANXIOU,098E,CNNGB,CNNGB,JPYOK,JPYOK,PAF1,宁波中远物流,PAF1,00030JP17NGBN01,,SNL,F,1,0,0,0,0,1,,,,,,,,1,,,,,,,,,,,,,,,
2017/1/8 2:00:00,PAN NKT1,PANXIOU,098E,CNNGB,CNNGB,JPTYO,JPTYO,QYGYL123,七运供应链,NBWLB1,R16JPNGB13685,,SNL,F,1,0,0,0,0,1,,,,,,,,1,,,,,,,,,,,,,,,
2017/1/8 2:00:00,PAN NKT1,PANXIOU,098E,CNNGB,CNNGB,JPTYO,JPTYO,QYGYL123,七运供应链,NBWLB1,,,SNL,F,0,1,0,0,0,2,,,,,,,,,1,,,,,,,,,,,,,,
2017/1/8 2:00:00,PAN NKT1,PANXIOU,098E,CNNGB,CNNGB,JPTYO,JPTYO,SHHZ1906,宁波上海海尊,NBWLB1,R16JPNGB13123,,SNL,F,1,0,0,0,0,1,,,,,,,,1,,,,,,,,,,,,,,,
2017/1/8 2:00:00,PAN NKT1,PANXIOU,098E,CNNGB,CNNGB,JPTYO,JPTYO,TOPSHIPPING_2,宁波托浦船务,TOPSHIPPING_2,,,SNL,F,2,0,0,1,0,4,,,,,,,,2,,1,,,,,,,,,,,,,
2017/1/8 2:00:00,PAN NKT1,PANXIOU,098E,CNNGB,CNNGB,JPTYO,JPTYO,WANGZJ,宁波泛洋,WANGZJ,00070JP16NGBN02,,SNL,F,1,3,0,1,0,9,,,,,,,,1,3,1,,,,,,,,,,,,,
2017/1/8 2:00:00,PAN NKT1,PANXIOU,098E,CNNGB,CNNGB,JPTYO,JPTYO,WDXHXYB1,宁波外代新华箱运部,WDXHXYB1,00204JP17NGBN01,,SNL,F,2,1,0,0,0,4,,,,,,,,2,1,,,,,,,,,,,,,,
2017/1/8 2:00:00,PAN NKT1,PANXIOU,098E,CNNGB,CNNGB,JPYOK,JPYOK,WYHYFGS,宁波外运海运,WYHYFGS,00098JP16NGBN01,,SNL,F,1,0,0,0,0,1,,,,,,,,1,,,,,,,,,,,,,,,
2017/1/8 2:00:00,PAN NKT1,PANXIOU,098E,CNNGB,CNNGB,JPTYO,JPTYO,WYHYFGS,宁波外运海运,WYHYFGS,00098JP16NGBN01,,SNL,F,0,0,0,1,0,2,,,,,,,,,,1,,,,,,,,,,,,,
2017/1/8 20:00:00,SITC NJ1,SITSIHA,1701N,CNNGB,CNNGB,JPNGO,JPNGO,JET55004092,浙江简达,JET55004092,,,SNL,F,1,0,0,0,0,1,,,,,,,,1,,,,,,,,,,,,,,,
2017/1/8 20:00:00,SITC NJ1,SITSIHA,1701N,CNNGB,CNNGB,JPTYO,JPTYO,LFGYLNB,宁波利丰,LFGYLNB,,,SNL,F,2,0,0,0,0,2,,,,,,,,2,,,,,,,,,,,,,,,
2017/1/8 20:00:00,SITC NJ1,SITSIHA,1701N,CNNGB,CNNGB,JPNGO,JPNGO,NBCNTR,外运箱运,NBCNTR,00118JP16HQLN10,,SNL,F,0,0,0,9,0,18,,,,,,,,,,9,,,,,,,,,,,,,
2017/1/8 20:00:00,SITC NJ1,SITSIHA,1701N,CNNGB,CNNGB,JPNGO,JPNGO,NBCNTR,外运箱运,NBCNTR,,,SOC,F,1,0,0,0,0,1,,,,,,,,,,,1,,,,,,,,,,,,
2017/1/8 20:00:00,SITC NJ1,SITSIHA,1701N,CNNGB,CNNGB,JPNGO,JPNGO,NBCNTR,外运箱运,NBCNTR,,,SNL,F,1,0,0,0,0,1,,,,,,,,1,,,,,,,,,,,,,,,
2017/1/8 20:00:00,SITC NJ1,SITSIHA,1701N,CNNGB,CNNGB,JPTYO,JPTYO,NBCNTR,外运箱运,NBCNTR,00118JP16HQLD10,,SNL,F,0,1,0,0,0,2,,,,,,,,,1,,,,,,,,,,,,,,
2017/1/8 20:00:00,SITC NJ1,SITSIHA,1701N,CNNGB,CNNGB,JPYOK,JPYOK,NBHGWL,宁波外运海港,NBHGWL,,,SNL,F,0,0,0,4,0,8,,,3,,,,,,,1,,,,,,,,,,,,,
2017/1/8 20:00:00,SITC NJ1,SITSIHA,1701N,CNNGB,CNNGB,JPNGO,JPNGO,NPSEL1218,宁波东南物流,NPSEL1218,00206JP16NGBD01,,SNL,F,0,0,0,2,0,4,,,,,,,,,,2,,,,,,,,,,,,,
2017/1/8 20:00:00,SITC NJ1,SITSIHA,1701N,CNNGB,CNNGB,JPNGO,JPNGO,NPSEL1218,宁波东南物流,NPSEL1218,,,SNL,F,2,0,0,0,0,2,,,,,,,,2,,,,,,,,,,,,,,,
2017/1/8 20:00:00,SITC NJ1,SITSIHA,1701N,CNNGB,CNNGB,JPTYO,JPTYO,QYGYL123,七运供应链,NBWLB1,R16JPNGB13685,,SNL,F,2,0,0,0,0,2,,,,,,,,2,,,,,,,,,,,,,,,
2017/1/8 20:00:00,SITC NJ1,SITSIHA,1701N,CNNGB,CNNGB,JPNGO,JPNGO,QYGYL123,七运供应链,NBWLB1,,,SNL,F,1,2,0,0,0,5,,,,,,,,1,2,,,,,,,,,,,,,,
2017/1/8 20:00:00,SITC NJ1,SITSIHA,1701N,CNNGB,CNNGB,JPNGO,JPNGO,QYGYL123,七运供应链,NBWLB1,R16JPNGB13685,,SNL,F,1,0,0,0,0,1,,,,,,,,1,,,,,,,,,,,,,,,
2017/1/8 20:00:00,SITC NJ1,SITSIHA,1701N,CNNGB,CNNGB,JPNGO,JPNGO,TOPSHIPPING_2,宁波托浦船务,TOPSHIPPING_2,,,SNL,F,0,0,0,1,0,2,,,,,,,,,,1,,,,,,,,,,,,,
2017/1/8 20:00:00,SITC NJ1,SITSIHA,1701N,CNNGB,CNNGB,JPYOK,JPYOK,TOPSHIPPING_2,宁波托浦船务,TOPSHIPPING_2,,,SNL,F,1,0,0,0,0,1,,,,,,,,1,,,,,,,,,,,,,,,
2017/1/8 20:00:00,SITC NJ1,SITSIHA,1701N,CNNGB,CNNGB,JPTYO,JPTYO,WANGZJ,宁波泛洋,WANGZJ,,,SNL,F,0,1,0,0,0,2,,,,,,,,,1,,,,,,,,,,,,,,
2017/1/8 20:00:00,SITC NJ1,SITSIHA,1701N,CNNGB,CNNGB,JPTYO,JPTYO,WYFH123,宁波外运泛海,WYFH123,,,SNL,F,0,0,0,2,0,4,,,,,,,,,,2,,,,,,,,,,,,,
2017/1/9 3:00:00,CTI,YMLERUE,004S,CNNGB,CNNGB,IDSRG,IDSRG,JET55004092,浙江简达,JET55004092,,,SNL,F,9,0,0,3,0,15,,,,,,,,9,,3,,,,,,,,,,,,,
2017/1/9 3:00:00,CTI,YMLERUE,004S,CNNGB,CNNGB,IDJKT,IDJKT,JET55004092,浙江简达,JET55004092,,,SNL,F,1,0,0,0,0,1,,,,,,,,1,,,,,,,,,,,,,,,
2017/1/9 3:00:00,CTI,YMLERUE,004S,CNNGB,CNNGB,IDSRG,IDSRG,QYGYL123,七运供应链,NBWLB1,,,SNL,F,3,0,0,2,0,7,,,,,,,,3,,2,,,,,,,,,,,,,
2017/1/9 3:00:00,CTI,YMLERUE,004S,CNNGB,CNNGB,IDJKT,IDJKT,QYGYL123,七运供应链,NBWLB1,,,SNL,F,1,0,0,0,0,1,,,,,,,,1,,,,,,,,,,,,,,,
2017/1/9 3:00:00,CTI,YMLERUE,004S,CNNGB,CNNGB,IDSRG,IDSRG,WYFH123,宁波外运泛海,WYFH123,,,SNL,F,0,0,0,6,0,12,,,,,,,,,,6,,,,,,,,,,,,,
